time,sensor_x0[undefined],sensor_alpha[undefined],sensor_beta[undefined],sensor_y0[undefined],sensor_x[undefined],sensor_gamma[undefined],sensor_y[undefined],sensor_z0[undefined],sensor_z[undefined],label_activities_sitting
1652785662125.7,0.1,-1.2,-4.2,0,0,1.7,6.9,0,6.9,
1652785662141.2,0.1,-2.5,-2.6,0,0.1,1.7,6.9,0.1,6.9,x
1652785662160.6,0.1,-2.3,-0.3,0.1,0.1,1.1,7,0.1,7,x
1652785662174.4,0,-2.3,-0.3,0.1,0.1,1.1,7,0.1,7,x
1652785662191.2,0.1,-0.1,2.8,0.1,0.1,0.2,7,0.2,7.1,x
1652785662241.4,-0.1,0.8,2.7,0,-0.1,1.2,6.9,-0.1,6.8,x
1652785662261.8,-0.1,-0.9,2.3,-0.1,-0.1,2.1,6.9,-0.2,6.8,x
1652785662274.7,-0.2,-2.6,1.6,0,-0.2,2.9,6.9,-0.1,6.9,x
1652785662292.2,-0.1,-2.6,-0.2,0,-0.1,3.3,7,0.2,7.1,x
1652785662308.6,0,1.4,-1.7,0.1,0.1,4,7,0.2,7.1,x
1652785662325.5,0.1,1.4,-1.7,0,0.1,4,7,0.1,7.1,x
1652785662341.1,0.1,2.7,-1.2,0,0.1,3.4,6.9,0,7,x
1652785662357.8,0,2.6,-0.1,0,0,2.3,7,0.1,7.1,x
1652785662374.7,0,3.5,2.4,0,0,3,7,0.1,7.1,x
1652785662391.3,0,4,0.3,0,0.1,3.2,7,0,7,x
1652785662415.2,0.2,3.1,-2.3,0,0.2,2.6,7,-0.2,6.8,x
1652785662428.1,0.2,1.5,-2.3,0,0.2,1.4,7,-0.3,6.7,x
1652785662441.2,0.1,-0.6,-0.6,0,0.2,0.2,7,-0.2,6.8,x
1652785662458,0.1,-0.6,-0.6,0,0.2,0.2,7,-0.1,6.8,x
1652785662474.5,-0.1,-1.8,2.2,0,0,-0.2,7,0.2,7.2,x
1652785662491.7,-0.1,1.3,2.1,0,0,1.2,7,0.2,7.2,x
1652785662508,0,3.5,1.4,0,0.1,1,7,0.1,7.1,x
1652785662524.5,0,3.5,1.4,0,0.1,1,7,0.1,7.1,x
1652785662542.8,-0.1,4.2,1.6,-0.1,0,1,6.9,-0.1,6.8,x
1652785662561.1,-0.1,1.5,-0.7,-0.1,-0.1,0.9,7,-0.2,6.7,x
1652785662574.8,-0.1,1.5,-0.7,0,-0.1,0.9,7,-0.2,6.7,x
1652785662591.2,0,-0.7,-1.4,0,0,1.6,7,-0.1,6.9,x
1652785662607.8,0,-2.3,-1.4,0,0.1,1.9,7,0.1,7,x
1652785662624.5,0.1,-2.3,-1.4,0,0.1,1.9,7,0.1,7,x
1652785662641.4,0.1,-0.5,0.7,0,0.2,1.4,7,0.1,7.1,x
1652785662657.8,0.1,1.1,1,0,0.1,0.3,7,0,6.9,x
1652785662674.4,-0.1,0.3,2.5,0,0,0,7,-0.1,6.8,x
1652785662691.1,0,-1.2,1,0,0,0.4,7,-0.2,6.8,x
1652785662707.8,0,-1.2,1,0,0,0.4,7,-0.2,6.9,x
1652785662724.5,0,-1.2,-2.4,0,0.1,0.9,7,0.1,7.1,x
1652785662741.1,0,-0.1,-1.7,0,0,1,7,0.2,7.1,x
1652785662758.1,-0.1,-0.1,-1.7,0,0,1,7,0.2,7.1,x
1652785662774.5,0,0.8,0.5,-0.1,0.1,1.5,6.9,0.1,7.1,x
1652785662791.4,0.1,1.8,1.2,0,0.1,0.8,7,0.1,7.1,x
1652785662807.8,0.1,2.2,-0.5,0.1,0.1,0.6,7.1,0,7,x
1652785662824.4,0.1,2.2,-0.5,0,0.1,0.6,7,0,7,x
1652785662841.1,0,2.6,-2.1,0,0,0.7,7,-0.1,6.8,x
1652785662857.8,-0.1,1.9,-2.1,0,-0.1,1.2,7,-0.1,6.8,x
1652785662874.5,-0.2,1.9,-2.1,0,-0.1,1.2,7,-0.2,6.8,x
1652785662891.1,0,1.1,-0.2,-0.1,0,1.5,7,0.1,7.1,x
1652785662907.8,-0.1,2.6,0.5,0,0,1.4,7,0.1,7.1,x
1652785662924.5,-0.1,3.6,-0.9,0,0,2,7,0.1,7,x
1652785662941.4,-0.1,3.6,-0.9,0,0,2,7.1,0,6.9,x
1652785662958.1,0,3.1,-1,0.1,0.1,2.7,7.1,0,6.9,x
1652785662974.8,0.1,2.8,0.2,0,0.2,2.8,7.1,0,6.9,x
1652785662991.1,0.1,2.8,0.2,0,0.2,2.8,7.1,-0.1,6.9,x
1652785663008.3,0,2.8,1.2,0,0.1,2.3,7.1,-0.1,6.9,x
1652785663024.7,0,1.4,0.8,0,0,1.7,7,0,6.9,x
1652785663041.2,-0.1,1.4,0.8,0,0,1.7,7,0.1,6.9,x
1652785663059.3,0,2,0.7,0,0.1,2.1,7.1,0.1,7,x
1652785663074.5,-0.1,4.3,0.6,0,0,2.2,7.1,0.1,7,x
1652785663092,-0.1,4.3,0.6,0,0,2.2,7.1,0,7,x
1652785663107.7,0,4,0.8,0,0.1,2.5,7.1,-0.1,6.8,x
1652785663124.4,0,3.3,0.6,0,0.1,3,7.1,-0.1,6.8,x
1652785663142.7,0,1.1,-2.8,0,0.2,3.1,7.1,-0.1,6.8,x
1652785663157.8,0,1.1,-2.8,0,0.2,3.1,7.1,-0.1,6.8,x
1652785663174.4,0.1,0.7,-3.1,-0.1,0.2,3,7.1,-0.1,6.9,x
1652785663191.1,0,0.5,-0.6,0,0.1,1.7,7.1,0.1,7,x
1652785663207.8,-0.1,0.8,-0.2,0.1,0.1,1.9,7.2,0.1,7,x
1652785663224.6,0,0.8,-0.2,0.1,0.1,1.9,7.2,0.1,7,x
1652785663241.3,0,1.6,-1.2,0,0.2,2.5,7.2,-0.1,6.7,x
1652785663258,0.1,0.8,-3,0,0.3,2.5,7.1,-0.2,6.7,x
1652785663274.4,0.1,-0.6,-2.9,0,0.3,1.7,7.1,-0.2,6.7,x
1652785663291.4,0,-0.6,-2.9,0,0.2,1.7,7.1,-0.1,6.8,x
1652785663307.9,-0.1,-2.5,-2.2,0,0.1,2,7.1,0,6.8,x
1652785663324.4,-0.1,-2.7,-2.5,0,0.1,2.8,7.1,0.1,6.9,x
1652785663342.5,-0.1,-1.8,-1.1,0,0.1,3.3,7.1,0.1,7,x
1652785663358,0,-1.8,-1.1,0,0.2,3.3,7.1,0.1,7,x
1652785663374.9,-0.1,0.1,-2.2,0,0.2,3.7,7.1,0,6.9,x
1652785663391.1,-0.1,0.1,-2.2,0,0.2,3.7,7.1,-0.1,6.9,x
1652785663408.3,0,-0.5,-3.3,0,0.3,4.1,7.1,-0.1,6.7,x
1652785663424.4,0.1,-3.2,-3.8,0,0.4,4.3,7.1,-0.1,6.7,x
1652785663441.1,0.1,-3.8,-1.4,0.1,0.4,3.8,7.2,-0.1,6.9,x
1652785663457.8,0.2,-3.8,-1.4,0.1,0.4,3.8,7.2,0.1,6.9,x
1652785663474.4,0.2,-3.3,1.3,0,0.5,2.5,7,0.2,7,x
1652785663492.5,0.1,-2,2.1,0,0.4,0.9,7.1,0.1,6.9,x
1652785663508.1,0,-0.2,0.4,0,0.3,0.4,7.1,0,6.9,x
1652785663524.7,0,-0.2,0.4,0,0.4,0.4,7.1,0,6.9,x
1652785663541.4,0.2,-0.1,2.2,0,0.6,-1.1,7.1,0.1,6.9,x
1652785663557.9,0.2,0,2.2,0,0.5,-3.2,7.1,0,6.8,x
1652785663574.4,0.1,0,2.2,0,0.5,-3.2,7.1,-0.1,6.8,x
1652785663593.7,-0.1,-0.6,3.1,0.1,0.2,-3.7,7.1,-0.2,6.7,x
1652785663608.1,0,-3.5,4.5,0,0.3,-2.6,7,-0.1,6.8,x
1652785663624.7,0,-3.4,4.3,-0.1,0.3,-2.9,7,0,6.9,x
1652785663641.3,0,-3.4,4.3,0,0.2,-2.9,7.1,0.1,7,x
1652785663658,-0.1,-1.5,-1.4,0,0.2,-2.7,7,0.1,7.1,x
1652785663676.1,0,-0.5,-0.2,-0.1,0.2,-3,7,0.1,7,x
1652785663691.3,0,-0.6,1.8,-0.1,0.2,-3.2,7,0.1,7,x
1652785663708,-0.2,-0.6,1.8,0,0,-3.2,7.1,0.1,7,x
1652785663724.6,-0.2,0.6,3.6,0,0,-0.8,7.1,0.1,7,x
1652785663741.1,-0.1,2,1,0,0.1,0.2,7.1,0.1,7,x
1652785663757.7,-0.1,2,1,0,0.2,0.2,7,0.1,6.9,x
1652785663778.8,0,2.8,1.4,0,0.2,0.3,7,0,6.9,x
1652785663791.2,-0.2,2.8,3.4,0,0,1,7.1,0.1,7.1,x
1652785663807.7,-0.2,2.8,3.4,0,0,1,7.1,0.2,7.1,x
1652785663824.4,-0.1,4.3,4.2,-0.1,0.1,2.5,7,0.2,7,x
1652785663841.4,0,6.9,1.9,0,0.2,2.9,7.1,0,6.8,x
1652785663857.9,0.1,5.3,0.2,0,0.2,2.5,7.1,-0.3,6.6,x
1652785663874.9,0,5.3,0.2,0,0.2,2.5,7.1,-0.4,6.5,x
1652785663891,0,-0.6,-2.7,0,0.2,2.4,7.1,-0.3,6.6,x
1652785663907.7,0.1,-2.3,-3,0,0.3,2.3,7.1,-0.1,6.8,x
1652785663924.6,0.2,-2.3,-3,0,0.3,2.3,7.1,0,6.8,x
1652785663941.1,0.1,-2.5,-1.8,0,0.4,1.4,7.1,0.1,7,x
1652785663957.7,0.2,-0.5,0.8,0,0.4,-0.7,7.1,0.1,7,x
1652785663974.4,0,-0.5,0.8,0,0.4,-0.7,7.1,0,7,x
1652785663991.3,-0.1,0.4,1.8,0,0.3,-1.1,7,0,6.8,x
1652785664007.7,0,-1.5,-0.3,0,0.1,-1.9,7.1,-0.2,6.7,x
1652785664024.4,-0.2,-2.5,-0.8,0,0.1,-0.9,7.1,-0.1,6.8,x
1652785664041,-0.1,-2.5,-0.8,0,0.1,-0.9,7.1,0.1,6.8,x
1652785664058,0,-2.2,-2.3,0,0.2,-0.4,7.1,0.2,7.1,x
1652785664074.5,0,2.2,1.8,0,0.2,-0.3,7.1,0.3,7.1,x
1652785664091.1,0,2.2,1.8,0,0.2,-0.3,7.1,0.2,7.1,x
1652785664107.7,-0.1,3.5,3.7,0,0,0,7.1,0.1,6.9,x
1652785664124.5,-0.1,3,0.9,0,0.2,1.6,7.1,-0.1,6.8,x
1652785664141,0.1,2.1,-0.5,0,0.3,1.7,7.1,-0.2,6.7,x
1652785664157.9,0.1,2.1,-0.5,0,0.3,1.7,7.1,-0.2,6.7,x
1652785664174.7,0.1,1.1,-1,0,0.2,1,7.1,-0.1,6.8,x
1652785664191.3,0,-0.2,0.7,0,0.2,0,7.1,0,6.9,x
1652785664207.7,-0.1,0.3,-0.8,0,0.1,0.3,7.1,0.1,7,x
1652785664225,-0.1,0.3,-0.8,0,0.1,0.3,7.1,0.2,7.1,x
1652785664246.1,-0.2,4.5,-4.5,0,0.1,1.5,7.1,0.3,7.1,x
1652785664258.1,-0.2,6,-7.7,0,0,2.5,7.1,0.2,6.9,x
1652785664274.7,-0.2,6,-7.7,0,0,2.5,7.1,-0.1,6.9,x
1652785664291.3,-0.2,4.7,-8.5,0,0.1,3.7,7.2,-0.3,6.6,x
1652785664308,0,0.6,-4.9,0,0.4,6.2,7.2,-0.1,6.8,x
1652785664324.7,0.2,1.2,-2.9,0,0.5,5.1,7.1,0.1,6.9,x
1652785664341.4,0.2,1.2,-2.9,0,0.4,5.1,7.2,0.1,6.9,x
1652785664358,0.1,1.8,-4.6,0,0.5,2.7,7.2,-0.1,6.7,x
1652785664375.6,0.2,0.8,-4,0,0.5,2,7.2,-0.2,6.6,x
1652785664396.5,0.2,-1.1,-2.4,0,0.6,0.7,7.2,-0.2,6.6,x
1652785664407.9,0.2,-1.1,-2.4,0,0.6,0.7,7.2,-0.2,6.6,x
1652785664427.1,0.2,-4.9,1.6,0,0.5,-1.5,7.2,-0.1,6.7,x
1652785664441.1,0.1,-4.9,1.6,0,0.5,-1.5,7.2,-0.1,6.7,x
1652785664458.2,0,-5.5,0.6,0,0.3,-2.5,7.1,-0.1,6.7,x
1652785664474.8,0,-5.8,0,0,0.4,-3,7.1,0,6.8,x
1652785664490.9,0,-5.8,0,0,0.4,-3,7.1,0,6.8,x
1652785664508.3,-0.1,-6,0.7,0,0.3,-3.3,7.1,0,6.9,x
1652785664524.7,0,-5.9,1.8,0,0.3,-2.9,7.1,0.2,7.1,x
1652785664546.4,0,-2.4,4.8,0,0.3,-3.1,7.1,0.3,7.2,x
1652785664558.4,-0.1,-0.1,2.5,0,0.2,-2.9,7.1,0.2,7.1,x
1652785664574.4,-0.1,-0.1,2.5,0,0.2,-2.9,7.1,0.1,7.1,x
1652785664591.1,-0.2,-0.4,-1.9,0,0.1,-0.9,7.1,-0.2,6.7,x
1652785664607.7,-0.1,-2.1,-0.5,0,0.2,-0.3,7.1,-0.1,6.8,x
1652785664624.6,0,-2.1,-0.5,0,0.2,-0.3,7.1,0,6.8,x
1652785664641.8,0,-2,2.3,0,0.3,0,7,0.2,7.1,x
1652785664657.7,0.1,0.3,-2.4,-0.1,0.3,-0.4,7,0,6.8,x
1652785664674.3,0,-0.3,-2,0,0.3,-0.5,7.1,-0.2,6.7,x
1652785664691.3,0,-0.3,-2,0,0.3,-0.5,7.1,-0.2,6.7,x
1652785664707.6,0,-4.2,-1,0,0.2,-0.5,7.1,-0.1,6.9,x
1652785664724.4,-0.2,-3.6,-1.1,0.1,0.1,0.4,7.1,0.1,7.1,x
1652785664741.2,-0.2,-3.6,-1.1,0,0.1,0.4,7.1,0.2,7.1,x
1652785664757.7,0,-1.7,-3.2,0,0.3,1.7,7,0.2,7,x
1652785664774.4,0,1.5,-2.9,0,0.3,1.4,7.1,0,6.9,x
1652785664791,0,0.4,-0.6,0,0.3,0.9,7,-0.1,6.8,x
1652785664808,0.1,0.4,-0.6,0,0.3,0.9,7,-0.1,6.8,x
1652785664824.4,0.1,-0.7,0,0,0.4,0.4,7,0,6.9,x
1652785664841,0.1,-0.2,-1,0,0.4,0,7,0,6.9,x
1652785664857.7,0,-0.1,-0.9,0,0.3,-0.3,7,-0.1,6.9,x
1652785664874.5,0,-0.1,-0.9,0,0.3,-0.3,7,0,6.9,x
1652785664891,0,-0.8,0.2,0,0.3,-0.1,7.1,0,6.9,x
1652785664908,0,-0.8,0.2,0,0.3,-0.1,7.1,0,6.9,x
1652785664924.3,-0.1,-0.5,0.1,0,0.2,0.2,7.1,0,6.9,x
1652785664940.9,0,-0.6,-1.5,0,0.3,0.5,7.1,-0.1,6.9,x
1652785664957.9,0.1,-0.7,0.1,0,0.4,0.2,7,0,6.9,x
1652785664974.6,0.1,-0.7,0.1,0,0.4,0.2,7,0,7,x
1652785664991.4,0.1,-0.8,1.1,0,0.3,-0.3,7,0,7,x
1652785665007.7,0,0,1.6,0,0.3,-0.5,7,0,7,x
1652785665024.4,0,0.2,0.6,0,0.3,-0.4,7.1,0,6.9,x
1652785665041.3,-0.1,0.2,0.6,0,0.3,-0.4,7.1,-0.1,6.9,x
1652785665057.8,-0.1,0,0.3,0,0.2,-0.1,7.1,0,6.9,x
1652785665074.4,-0.1,-0.1,1.2,0,0.3,1,7,0,7,x
1652785665091.7,0.1,0.7,-0.3,0,0.3,0.6,7,0,7,x
1652785665107.9,0,0.7,-0.3,0,0.2,0.6,7,0,7,x
1652785665124.3,-0.1,0.6,-2.2,0,0.2,1.5,7,0,6.9,x
1652785665141,0,-0.9,-4.7,0,0.4,2.1,7,-0.2,6.7,x
1652785665158.1,0.1,-0.9,-4.7,0,0.4,2.1,7,-0.2,6.7,x
1652785665174.5,0.1,-2.3,-5.1,0,0.4,1.6,7.1,-0.2,6.9,x
1652785665191.1,0,-3.4,0.1,0.1,0.4,0.4,7.1,0.1,7.1,x
1652785665208.4,0.1,-1.3,-1.4,-0.1,0.5,-0.3,7,0.3,7.2,x
1652785665224.3,0.1,-1.3,-1.4,-0.1,0.3,-0.3,7.1,0.1,6.9,x
1652785665240.9,-0.2,1.2,-4.7,0,0.3,-0.8,7.1,-0.1,6.9,x
1652785665257.6,-0.3,-1.9,-11.2,-0.2,0.1,1.9,6.9,-0.2,6.7,x
1652785665274.3,-0.3,-1.9,-11.2,-0.1,0.1,1.9,6.9,-0.1,6.7,x
1652785665290.9,0.1,-2.4,-12,0.1,0.6,3.1,7.2,0.2,7.2,x
1652785665311.6,0.3,1.1,-7.8,0.2,0.8,-0.1,7.2,0.3,7.2,x
1652785665324.2,0.3,3.7,-3.5,0,0.8,-2.3,7.1,0.2,7.1,x
1652785665340.9,0.2,3.7,-3.5,-0.1,0.5,-2.3,6.9,0.1,6.9,x
1652785665357.6,0,4,0,0,0.4,-3.3,7,-0.2,6.8,x
1652785665374.4,0,1.9,3,0,0.4,-3.2,7,-0.2,6.8,x
1652785665390.9,0.1,0.8,5.8,0.1,0.5,-3.1,7.1,0,6.9,x
1652785665407.7,0,0.5,4.3,0,0.4,-3.8,7.1,0,6.9,x
1652785665424.2,-0.1,1,0.8,0,0.3,-4.2,7.1,-0.1,6.8,x
1652785665441.2,-0.2,-0.2,-1.1,0,0.2,-3.7,7.1,-0.2,6.7,x
1652785665457.7,-0.2,-0.2,-1.1,0,0.1,-3.7,7,-0.3,6.7,x
1652785665474.2,-0.2,-2.5,1.1,-0.1,0.3,-1.1,7,0.1,7.1,x
1652785665498.1,0.1,-0.8,1.2,0.1,0.5,-1.8,7.1,0.3,7.2,x
1652785665507.5,0.1,-0.8,1.2,0.1,0.5,-1.8,7.1,0.3,7.2,x
1652785665524.3,0,1.5,1,-0.1,0.4,-2.4,7,0.1,6.9,x
1652785665541,0.1,1.1,-0.1,0,0.4,-3.1,7,-0.3,6.6,x
1652785665559.1,0,-1.7,2.6,0,0.3,-3.1,7,-0.3,6.6,x
1652785665574.3,0,-1.7,2.6,0,0.3,-3.1,7,-0.2,6.7,x
1652785665590.9,-0.1,-3.5,0.6,-0.1,0.1,-2.1,6.9,0,7.1,x
1652785665607.7,-0.3,-0.5,-4.6,-0.1,0.1,-0.5,7,0.5,7.4,x
1652785665624.3,-0.2,-0.5,-4.6,0.1,0.1,-0.5,7,0.3,7.4,x
1652785665640.9,-0.1,1.6,-6.8,0.1,0.3,0.4,7.1,-0.1,6.8,x
1652785665658,0.1,0,-1.4,0,0.3,0.3,7.1,-0.2,6.8,x
1652785665674.3,0,0,-1.4,0,0.4,0.3,7,-0.3,6.7,x
1652785665690.9,0.1,-2.9,1.6,0,0.6,-0.1,7.1,-0.2,6.8,x
1652785665707.5,0.2,-5,2.2,0,0.5,-1.1,7,-0.1,6.9,x
1652785665725.4,0.1,-5.5,3.2,0,0.4,-1.9,7,0,6.9,x
1652785665741.3,0,-6,3.8,0,0.4,-1.8,7,0,6.9,x
1652785665757.5,-0.2,-6,3.8,-0.1,0,-1.8,6.9,0.1,7.1,x
1652785665774.3,-0.5,-4.1,5.9,0,-0.2,1.8,6.9,0.3,7.3,x
1652785665790.9,-0.4,-2.7,5.4,-0.3,-0.1,4.1,6.7,0.3,7.3,x
1652785665807.6,-0.3,-2.7,5.4,-0.3,-0.1,4.1,6.7,0.3,7.3,x
1652785665824.2,-0.2,1.9,-4,0,0.1,7.3,7,0.1,7,x
1652785665840.9,-0.1,1.9,-4,0.1,0.1,7.3,7,0,7,x
1652785665858.8,0.1,4.9,-10.1,0.2,0.6,7,7.2,0.1,7.1,x
1652785665874.9,0.3,4.9,-10.1,0.1,0.7,7,6.9,0,6.9,x
1652785665891,0.4,3.4,-6.1,-0.1,0.8,3.9,7,-0.2,6.8,x
1652785665907.6,0.3,0,2.2,0.2,0.7,2.6,7.1,-0.1,6.8,x
1652785665924.5,0.3,0,2.2,0.1,0.7,2.6,7,0,7.1,x
1652785665941,0.2,2,7.1,-0.1,0.5,0.1,6.8,0.2,7.2,x
1652785665957.6,0,3.9,3,-0.1,0.4,0,7,0.1,7,x
1652785665977.1,-0.2,3.5,1,0,0.2,0.7,7,-0.2,6.8,x
1652785665991,-0.3,3.5,1,0,0.2,0.7,7,-0.2,6.8,x
1652785666007.5,-0.2,1,-2,-0.1,0.2,3.2,7,-0.1,6.9,x
1652785666024.2,-0.2,1.6,-5.8,0,0.3,4,7.1,0.1,7,x
1652785666040.9,-0.1,1.6,-5.8,0.1,0.3,4,7.1,0,6.9,x
1652785666057.6,-0.2,0.5,-6.1,0,0.3,6.5,7,0,6.9,x
1652785666074.1,-0.1,-0.2,-5.7,-0.1,0.5,7.4,6.9,0,6.9,x
1652785666090.9,0,-0.2,-5.7,0,0.5,7.4,6.9,0,6.9,x
1652785666107.6,0.4,-0.3,-6.7,0.1,1,6.9,7.1,-0.1,6.8,x
1652785666124.3,0.4,-1.3,-5.1,0,0.9,2.1,7,-0.1,6.8,x
1652785666141,0.2,-2.5,-1.6,0,0.8,0.4,7,0,6.9,x
1652785666157.6,0.1,-2.5,-1.6,0,0.6,0.4,7,0,6.9,x
1652785666174.2,0,-2.5,1.2,0,0.5,-0.2,7,0.1,7.1,x
1652785666190.9,-0.1,-1.1,-0.6,0,0.5,0,7,0.2,7.1,x
1652785666207.6,-0.1,-0.5,-2.4,0,0.5,0.2,7,0,6.9,x
1652785666224.3,-0.1,-0.5,-2.4,0,0.5,0.2,7,-0.1,6.8,x
1652785666240.9,-0.1,-2.2,-2.1,0,0.6,0.8,7,-0.1,6.8,x
1652785666257.6,0,-2.7,-2.1,0,0.6,0.7,7,0,7,x
1652785666274.2,0.1,-2.7,-2.1,0,0.7,0.7,7,0.1,7,x
1652785666290.9,0,-1.5,-1.6,0,0.6,0.9,7,0,7,x
1652785666307.5,0,-1.1,-0.4,-0.1,0.6,0.9,6.9,0.2,7.1,x
1652785666324.2,0,-0.4,0.3,0,0.6,0.9,7,0.1,7.1,x
1652785666340.8,0,-0.4,0.3,0,0.6,0.9,6.9,0.1,7.1,x
1652785666357.6,-0.1,1.8,-3.3,0,0.6,0.9,7,0,7,x
1652785666374.2,-0.1,1.3,-4.5,0,0.5,1.3,7,-0.1,6.8,x
1652785666390.8,-0.1,1.3,-4.5,0,0.6,1.3,7,-0.1,6.9,x
1652785666407.5,-0.1,0.8,-5.3,0,0.5,2.8,6.9,0.1,7.2,x
1652785666424.2,-0.2,3.3,-7,-0.1,0.5,4,6.9,0.4,7.4,x
1652785666440.8,-0.2,6.6,-8.9,0,0.5,5.3,7,0.3,7.2,x
1652785666457.5,-0.1,6.6,-8.9,0,0.7,5.3,7,0.2,7.1,x
1652785666474.2,0,10.2,-12.8,0,0.8,5.3,7,0,6.9,x
1652785666490.9,0,9.5,-13.6,0,0.8,5.2,7,-0.1,6.8,x
1652785666507.6,0,9.5,-13.6,0,0.9,5.2,7.1,-0.2,6.7,x
1652785666524.2,0.1,6.2,-6.9,0.1,1,4,7.2,-0.2,6.6,x
1652785666540.9,0.2,2.9,0.6,0.1,1.1,3.5,7.2,-0.2,6.6,x
1652785666557.6,0.4,1.2,5.7,0.1,1.3,2.8,7.2,-0.2,6.6,x
1652785666574.2,0.4,1.2,5.7,0,1.2,2.8,7.1,-0.2,6.6,x
1652785666590.9,0.2,-0.1,5.5,0,1,-0.7,7.1,-0.2,6.7,x
1652785666607.5,0.1,-1.7,6.5,0,0.9,-1.6,7.1,-0.1,6.7,x
1652785666624.2,0,-1.7,6.5,0,0.8,-1.6,7.1,0,6.9,x
1652785666641,-0.1,-2.2,7.9,0,0.7,-1.1,7.1,0.1,7,x
1652785666657.6,-0.2,-0.4,7.7,0,0.6,-0.1,7.1,0.2,7.1,x
1652785666674.3,-0.2,-0.4,7.7,0,0.6,-0.1,7.1,0.2,7.1,x
1652785666693.5,-0.1,1.1,6.2,0,0.7,1,7.2,0,6.8,x
1652785666707.6,0,0.9,0.9,0.1,0.8,1.8,7.1,-0.2,6.7,x
1652785666724.2,0.1,0.2,-0.7,-0.1,0.9,1.4,7,-0.1,6.7,x
1652785666741.3,0.1,0.2,-0.7,-0.1,0.8,1.4,7.1,-0.1,6.7,x
1652785666757.6,0,-3.3,-0.9,0,0.8,1.2,7.1,-0.1,6.8,x
1652785666774.5,0,-3.4,0.5,0,0.8,1.2,7,0.1,7,x
1652785666790.9,0,-3.4,0.5,0,0.8,1.2,7,0.2,7,x
1652785666807.7,0,-2,0.9,0.1,0.8,0.6,7.1,0.2,7,x
1652785666824.5,0,1.3,2.8,0,0.8,0.2,7.1,0.1,6.9,x
1652785666840.9,-0.1,0.4,3.5,0,0.7,0.5,7,-0.1,6.7,x
1652785666857.9,0,0.4,3.5,0,0.8,0.5,7,-0.1,6.7,x
1652785666874.5,0.1,-2.3,0.1,-0.1,0.9,0,7,-0.1,6.7,x
1652785666890.9,0.2,-2.6,0.3,0,1,-1.2,7.1,-0.1,6.8,x
1652785666907.6,0.2,-2.6,0.3,0.1,1,-1.2,7.1,0,6.8,x
1652785666924.2,0.2,-2.4,1.8,0.1,0.8,-3,7.1,0.1,6.9,x
1652785666941.2,0.2,-2.3,6.4,0,1.1,-5.3,7,0,6.8,x
1652785666957.6,0.3,-3.2,8.1,0,1,-8.2,7.1,-0.2,6.7,x
1652785666974.2,0,-3.2,8.1,0.1,0.6,-8.2,7.1,-0.2,6.8,x
1652785666990.8,-0.2,-3.5,13.6,0,0.7,-7.7,7,0.2,7.2,x
1652785667007.9,0.1,-3.5,13.6,-0.1,0.7,-7.7,7,0.4,7.2,x
1652785667024.5,0.3,-0.8,12.9,0,1,-9.7,7,0.2,7.2,x
1652785667041.1,-0.1,1.9,14.9,0,0.2,-11.9,7.1,0,6.9,x
1652785667057.9,-0.5,2.4,18.8,0,0,-8.9,7,0,6.9,x
1652785667074.2,-0.4,2.4,18.8,-0.1,0,-8.9,7,0,6.9,x
1652785667091,-0.1,3.9,20.9,0,0.2,-7.5,7,0.3,7.1,x
1652785667107.5,-0.3,10.7,24.4,0.1,0,-5.8,7.1,0.4,7.2,x
1652785667124.2,-0.1,11.5,17.9,-0.1,0.1,-4.7,7,0,6.8,x
1652785667140.9,0,11.5,17.9,-0.1,0.1,-4.7,7,-0.3,6.8,x
1652785667157.5,0.2,9.3,12.3,-0.1,0.4,-4.6,7,-0.5,6.3,x
1652785667174.6,0.1,1.2,9.9,0,0.2,-6.2,7.2,-0.5,6.4,x
1652785667190.9,0.1,-1.2,15.9,0,0.1,-3.9,7.1,-0.2,6.7,x
1652785667207.5,0.1,-1.2,15.9,0,0.1,-3.9,7.1,0.1,6.7,x
1652785667224.4,0.2,1.2,28,0,0.1,-3,7.2,0.8,7.8,x
1652785667240.9,0.3,6.5,27,0.1,0.4,-2.8,6.9,1.4,8.3,x
1652785667258,1,14.4,17.1,-0.8,0.4,-5.3,6.9,1.1,8.3,x
1652785667274.3,0.9,14.4,17.1,-0.8,0.5,-5.3,6.6,1.1,7.5,x
1652785667290.9,0.5,26.6,22.4,-0.3,0.1,-21.5,7.2,0.2,6.8,x
1652785667307.5,0.2,31.7,40.2,0.2,-0.2,-27.1,7.6,0,6.8,x
1652785667324.2,0.2,31.7,40.2,0.4,-0.2,-27.1,7.6,0.2,6.8,x
1652785667340.9,0.5,35.5,29,-0.8,-0.4,-33.9,6.9,0.5,6.9,x
1652785667357.6,-0.1,41.7,39.6,-0.1,-1.2,-35.3,7.6,0.1,6.3,x
1652785667374.3,-0.6,41.7,39.6,0.3,-1.2,-35.3,7.6,-0.5,6.3,x
1652785667390.9,-1.5,44.4,68.2,1,-2.5,-33.8,8.3,-1.2,5,x
1652785667407.6,-0.7,25.3,90.8,0,-1.9,-13.5,7.5,-1.2,4.8,x
1652785667424.2,-0.1,16.7,82.1,-0.3,-1.8,-10.7,7.5,-1.1,5.1,x
1652785667441,-0.3,16.7,82.1,0.1,-1.8,-10.7,7.5,-0.5,5.1,x
1652785667458,-0.1,12.7,32.5,0.2,-1.9,-3.1,7.8,-0.1,5.9,x
1652785667474.2,-0.2,15.7,13.9,-0.1,-2,-3.1,7.6,0.1,6.1,x
1652785667490.9,-0.3,15.7,13.9,-0.3,-2,-3.1,7.6,0.3,6.1,x
1652785667507.6,-0.6,14.3,-1.3,-0.1,-2.3,-1.9,7.8,0.1,5.7,x
1652785667524.3,-0.4,13.4,16.4,0.1,-2.2,2.7,8,-0.2,5.6,x
1652785667541,-0.2,11.9,21.3,0,-2.1,3.6,7.9,-0.3,5.4,x
1652785667557.6,-0.2,11.9,21.3,-0.1,-2.1,3.6,7.9,-0.3,5.4,x
1652785667574.7,0,10.3,23,-0.2,-1.9,4,7.7,-0.1,5.9,x
1652785667590.9,0,8.6,8.8,-0.1,-1.9,3.2,7.8,0.2,5.3,x
1652785667607.6,-0.2,8.6,8.8,0,-2.1,3.2,8,-1.1,4.6,x
1652785667624.2,-0.3,4.1,3.1,0.1,-2,3.1,8,-0.8,5,x
1652785667640.9,0.1,-6.6,-17.7,0,-1.8,4.4,7.9,-0.4,5.6,x
1652785667657.5,-0.1,-4.9,-25.8,0.1,-2,3.2,8.1,0.3,5.9,x
1652785667674.2,-0.3,-4.9,-25.8,0.2,-2,3.2,8.1,0.2,5.9,x
1652785667690.9,-0.2,-1.3,-26.9,0,-1.9,4.5,7.9,0,5.7,x
1652785667707.5,-0.2,2.3,-16.1,0,-1.9,5.4,7.9,-0.2,5.4,x
1652785667727.8,-0.1,-0.6,-16,-0.1,-1.7,5.1,7.8,-0.6,5.1,x
1652785667740.8,0.1,-0.6,-16,-0.1,-1.6,5.1,7.8,-0.6,5.3,x
1652785667757.5,0,-6.7,-25.1,0,-1.7,0.9,7.9,-0.1,5.9,x
1652785667774.2,0,-8.4,-35.3,0.1,-1.5,3.9,8,0.2,5.9,x
1652785667790.8,0.1,-8.4,-35.3,0.2,-1.5,3.9,8,0.1,5.9,x
1652785667807.5,0.3,-9,-37.8,0.2,-1.3,6.6,8,-0.1,5.7,x
1652785667824.2,-0.1,-8.2,-13.4,-0.1,-1.5,1.7,7.8,-0.1,5.8,x
1652785667840.9,-0.1,-7.3,-6.5,-0.1,-1.5,1,7.8,0.1,6,x
1652785667857.5,-0.1,-7.3,-6.5,0,-1.5,1,7.9,0.1,5.9,x
1652785667874.2,-0.1,-5.7,-3,-0.1,-1.4,1,7.8,-0.2,5.7,x
1652785667890.8,0,-5.7,-3,-0.1,-1.5,1,7.7,-0.2,6.2,x
1652785667907.6,-0.3,-7.9,-9,-0.1,-1.5,1.2,7.7,0.4,6.2,x
1652785667924.2,-0.2,-8.4,-17.9,0.2,-1.3,3.3,8,0.2,6.1,x
1652785667940.9,0.1,-4.1,-17.5,0.2,-1.3,5,8,0.1,6.1,x
1652785667957.5,0.1,-5.8,-12.2,0,-1,3.7,7.7,-0.3,5.7,x
1652785667974.2,0.2,-5.8,-12.2,-0.1,-1,3.7,7.6,-0.4,5.9,x
1652785667990.9,0.1,-9.2,5.5,0,-1.2,-0.8,7.8,0.1,6.2,x
1652785668007.6,0,-6.5,5.2,0,-1.2,-1.1,7.8,0.3,6.4,x
1652785668024.3,0,-6.5,5.2,0,-1.2,-1.1,7.8,0.4,6.4,x
1652785668040.9,-0.2,-3.2,1.9,0,-1.5,-0.8,7.8,0.8,6.8,x
1652785668057.6,-0.2,4.2,-9.7,0.1,-1.3,1.6,7.8,0.3,6.2,x
1652785668074.2,0,6.6,-7,0,-1.1,2,7.7,-0.3,5.8,x
1652785668090.9,0.1,6.6,-7,0,-1,2,7.9,-0.5,5.5,x
1652785668107.5,0.2,4.5,-3.9,0.1,-0.9,1.5,7.8,-0.6,5.5,x
1652785668124.2,0.2,-4.8,4.5,-0.2,-1,-2.5,7.6,-0.3,5.8,x
1652785668140.8,0,-4.8,4.5,-0.2,-1,-2.5,7.6,-0.2,5.8,x
1652785668157.5,-0.2,-7,5.9,0.1,-1.4,-3.7,7.8,0.2,6.4,x
1652785668174.2,-0.2,-1.5,2.8,0.1,-1.4,-0.7,7.8,0.5,6.7,x
1652785668190.9,-0.2,4.4,-2.6,0,-1.4,0.8,7.7,0.5,6.6,x
1652785668207.6,-0.2,4.4,-2.6,-0.1,-1.3,0.8,7.6,0.2,6,x
1652785668224.2,-0.1,6.2,-7.2,-0.1,-1.2,2.6,7.7,-0.4,5.6,x
1652785668240.9,0.1,0.9,-5.6,0,-1,2.1,7.8,-0.7,5.3,x
1652785668257.6,0.2,0.9,-5.6,0,-1,2.1,7.8,-0.7,5.3,x
1652785668274.2,0.2,-4.3,-0.4,0,-1,0.3,7.7,-0.5,5.8,x
1652785668290.9,-0.2,-9.5,-3,0,-1.5,-1.7,7.7,0.5,6.7,x
1652785668307.9,-0.3,-4.1,-14.5,-0.1,-1.4,1,7.6,0.8,6.9,x
1652785668324.1,-0.2,-4.1,-14.5,-0.1,-1.4,1,7.8,0.7,6.7,x
1652785668340.8,-0.4,8,-17.1,0.2,-1.4,5,7.8,0.3,6.3,x
1652785668357.5,-0.3,9,-16.6,0,-1.2,6.2,7.6,0,5.9,x
1652785668374.2,-0.2,9,-16.6,-0.1,-1.2,6.2,7.6,-0.4,5.9,x
1652785668390.9,-0.1,7.5,-10.6,0.5,-0.8,6.9,8.2,-0.8,5.4,x
1652785668407.5,0.7,-1.6,-8.8,-0.1,-0.3,4.9,7.6,-0.3,5.8,x
1652785668424.2,0.4,-3,-10.6,0,-0.6,1.3,7.8,-0.2,5.9,x
1652785668440.8,0.2,-3,-10.6,0.1,-0.9,1.3,7.9,0,6.2,x
1652785668457.5,-0.2,0.2,-10.9,0,-1.1,0.9,7.7,0.4,6.6,x
1652785668474.2,-0.2,3.9,-13.7,-0.1,-1.1,2.2,7.8,0.7,6.7,x
1652785668490.8,-0.2,3.9,-13.7,0.1,-1.1,2.2,7.8,0.4,6.7,x
1652785668507.5,0,7.1,-11.1,0.1,-0.7,3.1,7.9,-0.2,5.7,x
1652785668524.2,0.3,4.3,-3,0,-0.5,2.8,7.8,-0.5,5.5,x
1652785668540.8,0.3,-0.5,2.5,0,-0.6,0.5,7.7,-0.7,5.3,x
1652785668557.5,0.2,-0.5,2.5,-0.1,-0.8,0.5,7.9,-0.8,5.3,x
1652785668574.2,0.1,-12.4,13.3,0.3,-0.8,-1.8,8,-0.6,5.4,x
1652785668590.9,0.1,-13.9,15,0.1,-0.8,-2.7,8,-0.6,5.4,x
1652785668608,-0.1,-13.9,15,-0.3,-0.9,-2.7,7.5,-0.1,5.8,x
1652785668624.2,-0.4,-13.5,9.5,0.2,-1.3,-1.8,7.9,0,6,x
1652785668640.8,-0.2,-17.3,4.6,0.2,-1.2,5,7.9,-0.9,5,x
1652785668658,-0.1,-17.3,4.6,0.2,-1.2,5,7.9,-1.4,5,x
1652785668674.2,0.1,-27.5,6.9,-0.2,-0.9,6.4,7.3,-0.6,5.7,x
1652785668691.3,0,-38.7,-7,-0.1,-1,5.9,7.5,-0.2,6.4,x
1652785668707.5,-0.3,-35.9,-16.7,0,-1.2,7.2,7.5,0.6,7.1,x
1652785668724.2,-0.3,-35.9,-16.7,0,-1.2,7.2,7.5,0.9,7.1,x
1652785668741.4,-0.3,-28.9,-27.7,0,-1.1,9.3,7.4,0.9,7.4,x
1652785668757.5,-0.3,-14.8,-49.4,0,-0.8,13.9,7.2,0.7,7.1,x
1652785668774.4,-0.1,-12.6,-53.2,-0.1,-0.5,14.9,7.2,0.3,6.8,x
1652785668791.4,0,-12.6,-53.2,0,-0.2,14.9,7.3,0.2,6.8,x
1652785668807.5,0.2,-12.1,-41.8,0,0.1,13.5,7.2,0.2,6.9,x
1652785668824.2,0.3,-10.1,-35.4,-0.2,0.2,12.6,7.1,0.3,7,x
1652785668840.9,0.3,-10.1,-35.4,-0.2,0.2,12.6,7.1,0.3,7,x
1652785668857.5,0.3,-7.2,-28.2,-0.2,0.3,10.8,7.1,0.4,7.2,x
1652785668874.1,0.4,-2.1,-13,-0.2,0.5,6.2,7,0.6,7.3,x
1652785668890.8,0.5,1.5,-6.6,-0.1,0.5,3.1,7.1,0.5,7.3,x
1652785668907.4,0.4,1.5,-6.6,-0.1,0.4,3.1,7.1,0.5,7.2,x
1652785668924.2,0.3,7.7,-3.5,-0.1,0.3,-0.7,7.2,0.3,6.8,x
1652785668940.8,0.1,6.7,-1.6,0,0.2,-0.7,7.3,-0.1,6.5,x
1652785668957.5,0.1,6.7,-1.6,0,0.2,-0.7,7.3,-0.3,6.5,x
1652785668974.1,0.1,3.5,-0.2,0,0.2,-0.2,7.2,-0.3,6.4,x
1652785668990.8,0.1,-2,-1.9,-0.1,0.1,-0.8,7.1,-0.2,6.5,x
1652785669007.5,0,-3.2,-3.7,-0.1,0.1,-0.9,7.2,-0.1,6.6,x
1652785669024.1,0,-3.2,-3.7,0,0.1,-0.9,7.2,-0.1,6.7,x
1652785669040.8,0,-3.7,-2.8,0,0.1,-0.9,7.2,0.1,6.8,x
1652785669057.5,-0.1,-2.8,-4.3,0,0,0,7.3,0.3,7,x
1652785669074.2,-0.1,-2.8,-4.3,0.1,0,0,7.3,0.3,7,x
1652785669090.8,0.2,-0.4,-2.2,-0.1,0.3,1.1,7.2,0.2,6.9,x
1652785669108.2,0.1,2.8,1.9,0,0.3,-0.6,7.3,0,6.8,x
1652785669124.2,0.1,2.7,-0.1,0,0.2,-1.2,7.2,0,6.7,x
1652785669140.9,0,2.7,-0.1,-0.1,0.2,-1.2,7.2,-0.1,6.7,x
1652785669157.5,0.1,1.3,-0.3,-0.1,0.2,-1.5,7.2,-0.1,6.6,x
1652785669174.2,0.1,0,2.1,0,0.2,-2.2,7.3,-0.1,6.6,x
1652785669190.8,0,0,2.1,0,0.2,-2.2,7.3,-0.1,6.6,x
1652785669207.5,-0.1,-0.9,3.6,0,0,-2.4,7.2,0,6.7,x
1652785669224.2,-0.1,-0.9,1.2,-0.1,0,-1,7.2,0,6.7,x
1652785669241,-0.1,-1.1,-1.8,0,0.1,-0.6,7.2,0,6.7,x
1652785669257.5,0,-1.1,-1.8,0,0.2,-0.6,7.2,0,6.7,x
1652785669274.2,0.2,-2.9,-4.4,-0.1,0.3,-0.4,7.2,-0.1,6.6,x
1652785669290.9,0.1,-3.9,-1.7,0,0.2,-0.9,7.2,-0.1,6.6,x
1652785669307.5,0,-3.9,-1.7,0,0.2,-0.9,7.2,-0.1,6.6,x
1652785669324.2,-0.1,-5.2,0.3,0,0.1,-0.5,7.2,-0.1,6.8,x
1652785669340.9,0,-4.8,5.8,0,0.1,0,7.2,0.2,7.1,x
1652785669357.5,0,-1.9,5.2,0.1,0.1,-0.2,7.3,0.4,7.1,x
1652785669374.2,0.1,-1.9,5.2,0.1,0.2,-0.2,7.2,0.3,7,x
1652785669390.8,0.1,2.1,-1.7,-0.1,0.2,0.2,7.2,0,6.6,x
1652785669407.5,0.1,-0.6,0.2,0.1,0.2,0.2,7.3,-0.4,6.3,x
1652785669424.1,0,-0.6,0.2,0.1,0.2,0.2,7.3,-0.5,6.3,x
1652785669440.8,0,-5.6,5.5,-0.1,0,0.1,7.1,-0.2,6.7,x
1652785669457.5,-0.1,-10.6,9.4,-0.1,0,0.2,7,0.2,7,x
1652785669474.2,0,-9.1,4.9,-0.1,0.1,1,7.1,0.1,6.9,x
1652785669490.7,0.1,-9.1,4.9,0,0.2,1,7.1,0,6.8,x
1652785669507.5,0.1,-8.4,1.1,0,0,2,7.1,-0.1,6.7,x
1652785669524.1,-0.2,-11.5,1.1,0.1,-0.2,2.7,7.2,-0.2,6.6,x
1652785669540.9,-0.3,-11.5,1.1,0.1,-0.2,2.7,7.2,-0.3,6.6,x
1652785669557.6,-0.1,-14.8,-0.6,0,0.1,4.3,7,-0.2,6.8,x
1652785669574.3,0.1,-17.7,-1.9,-0.1,0.1,4.3,6.8,-0.1,7,x
1652785669590.8,0,-17.7,-1.9,-0.1,0.1,4.3,6.8,0.1,7,x
1652785669607.5,0.1,-17.8,0.2,0,0.2,3.7,6.9,0.2,7.3,x
1652785669624.2,0.1,-15.1,1.4,0.1,0.2,3.2,7,0.2,7.2,x
1652785669640.9,0.1,-14.7,4.9,0,0.2,2.7,6.8,0.1,7,x
1652785669657.5,0.1,-14.7,4.9,0,0.2,2.7,6.8,-0.5,7,x
1652785669674.2,0.1,-18.4,13.3,-0.1,0.2,1.8,6.7,-0.1,7,x
1652785669690.7,0.1,-20.5,5.6,-0.2,0.2,0.9,6.5,-0.2,7.1,x
1652785669707.6,0.1,-20.5,5.6,-0.3,0.2,0.9,6.5,-0.1,7.1,x
1652785669725.3,-0.2,-20,2.8,0,0.1,0.9,6.5,0.2,7.2,x
1652785669740.9,-0.3,-9.9,14.5,0,-0.5,3,6.6,1.1,8.7,x
1652785669758.1,-0.2,1.7,7,-0.1,0,4.6,6.5,1.4,8.5,x
1652785669775.6,0.2,1.7,7,-0.1,0,4.6,6.5,0.8,8.5,x
1652785669791.9,0.1,9.8,-4.7,0.2,0.5,3.1,6.7,-0.3,6.9,x
1652785669807.6,0.7,5.6,-9.6,0.1,0.5,-2.7,6.9,-0.7,6.6,x
1652785669824.3,0.3,5.6,-9.6,0.3,0.5,-2.7,6.9,-0.7,6.6,x
1652785669841.7,-0.1,1.3,-2.7,-0.3,0.1,-4.3,6.7,-0.2,7,x
1652785669857.6,0.1,-1.6,-0.1,-0.2,-0.1,-4.2,6.6,0.1,7.2,x
1652785669874.3,-0.2,-2,0.7,0.1,-0.2,-2.1,6.8,-0.2,7.2,x
1652785669891.7,-0.2,-2,0.7,0.1,-0.2,-2.1,6.8,-0.1,7.2,x
1652785669907.5,-0.1,-1.3,2.2,0,-0.1,-0.3,6.6,0.2,7.7,x
1652785669924.3,-0.1,5.7,-1.6,-0.1,-0.1,1,6.6,0.4,7.7,x
1652785669941.2,-0.1,5.7,-1.6,0,-0.1,1,6.6,0.3,7.7,x
1652785669957.6,0,8.2,-2,0,-0.1,1.6,6.6,0.4,7.6,x
1652785669974.2,0.1,13.6,-9.8,0,0.1,1.5,6.7,0.2,7.3,x
1652785669990.8,0,14.1,-10.4,0,0.1,1.4,6.7,-0.2,6.9,x
1652785670008.7,0.1,14.1,-10.4,-0.1,0.1,1.4,6.7,-0.4,6.9,x
1652785670024.2,0.1,11.1,-8.1,-0.2,-0.1,0.5,6.5,-0.5,6.7,x
1652785670040.8,0.1,1.6,6.4,-0.3,0.6,-3.9,6.6,-0.4,7,x
1652785670057.6,0.8,1.6,6.4,0,0.6,-3.9,6.6,-0.1,7,x
1652785670075.2,0.2,0.9,8.4,0.2,0.8,-8.5,7,0,7.2,x
1652785670091,-0.5,2.9,-1.6,-0.1,-0.3,-3.7,6.7,-0.2,7,x
1652785670107.8,-0.3,2.9,-1.6,-0.1,-0.2,-3.7,6.8,-0.1,7,x
1652785670124.7,-0.3,0.1,-6.8,0,-0.2,-1.8,6.8,-0.2,7,x
1652785670140.9,-0.2,-2.6,-11.2,0,-0.1,-0.1,6.7,-0.2,7,x
1652785670157.5,-0.2,-4.8,-10.8,-0.1,-0.1,2.3,6.7,-0.1,7.1,x
1652785670174.3,-0.2,-4.8,-10.8,-0.1,-0.1,2.3,6.7,-0.1,7.1,x
1652785670191.9,0.1,-5.8,-5.6,-0.1,0.1,3,6.6,0.1,7.1,x
1652785670207.6,0.1,-6.9,-1.4,0,0.2,2,6.8,0.3,7.4,x
1652785670224.2,0.1,-6.4,-1.5,0,0.2,1.1,6.8,0,7.4,x
1652785670240.8,0.2,-3.7,-4,-0.1,0.3,0,6.7,0,7.2,x
1652785670257.5,0,-3.7,-4,0,0.1,0,6.8,-0.2,7,x
1652785670274.2,-0.1,-6.6,-4.4,0.1,0.1,1.6,6.7,-0.2,7,x
1652785670291.6,0,-7.6,0.8,0,0.1,0.7,6.7,-0.2,7,x
1652785670307.7,0.2,-7.6,0.8,0,0.3,0.7,6.7,0.1,7.2,x
1652785670324.2,0.1,-7.4,5,0,0.2,-1.2,6.6,0.2,7.5,x
1652785670341,0.1,-3.9,5.6,0,0.2,-1.6,6.6,0.2,7.4,x
1652785670358.3,0.1,-3.9,5.6,0,0.2,-1.6,6.6,0.1,7.4,x
1652785670374.2,0.1,-2.4,6,0,0.1,-1.8,6.6,0.1,7.3,x
1652785670390.9,0,-2.9,4.1,0,0.1,-2.1,6.7,-0.1,7.2,x
1652785670408.9,0,-3.4,4.9,0,0,-1.8,6.6,-0.1,7.2,x
1652785670425.5,0,-3.4,4.9,0,0,-1.8,6.6,-0.1,7.2,x
1652785670440.9,-0.1,-3.4,7.2,0.1,-0.1,-1.6,6.7,0.1,7.4,x
1652785670458.1,0,-2,7.2,0,0,-0.9,6.6,0.1,7.4,x
1652785670474.2,-0.1,-2,7.2,0,0,-0.9,6.6,0.1,7.4,x
1652785670490.8,0,-1.7,6.6,0,0,-0.6,6.6,0,7.3,x
1652785670513.3,0,-1.6,5.5,-0.1,0,0,6.6,0,7.3,x
1652785670524.6,0,-1.6,5.5,0,0,0,6.6,0,7.3,x
1652785670541.9,0,-1.5,5.1,0,-0.1,0.6,6.6,0,7.3,x
1652785670557.5,0.1,-1.6,5,-0.1,0,0.9,6.5,0,7.4,x
1652785670574.5,0.1,-0.7,5.3,-0.1,0,-0.6,6.5,0.1,7.5,x
1652785670590.9,0,-0.7,5.3,0,0,-0.6,6.5,0.1,7.5,x
1652785670607.8,0.1,0.3,3,0,0,-0.6,6.6,0.2,7.5,x
1652785670624.2,0,3.9,-2.7,0,-0.1,-0.8,6.6,0.1,7.3,x
1652785670641.5,-0.2,3.5,-1.8,0,-0.3,-0.1,6.6,-0.2,7.1,x
1652785670657.6,-0.3,3.5,-1.8,0,-0.3,-0.1,6.6,-0.4,7.1,x
1652785670674.1,-0.3,0.6,0.5,0.1,-0.3,1.7,6.7,-0.4,7,x
1652785670690.9,-0.2,-3.3,3,0.1,-0.3,4.1,6.7,-0.4,7,x
1652785670707.6,-0.1,-6.5,5.7,0.1,-0.2,5.5,6.7,-0.1,7.2,x
1652785670724.1,-0.1,-8.3,2.1,0,-0.1,5.5,6.5,0.2,7.6,x
1652785670740.8,0,-6.2,-7.1,-0.1,0,4.3,6.5,0.3,7.6,x
1652785670757.7,0.1,-6.2,-7.1,-0.1,0,4.3,6.5,0.2,7.6,x
1652785670774.8,0.2,-1,-6.9,-0.1,0.2,3.2,6.4,0.1,7.6,x
1652785670790.8,0.2,3.9,-5.3,-0.2,0.2,2.4,6.3,0,7.3,x
1652785670807.5,0.1,4.1,-3.7,-0.1,0.1,-0.9,6.5,-0.1,7.3,x
1652785670825.2,0.1,4.1,-3.7,0,0.1,-0.9,6.5,-0.1,7.3,x
1652785670840.8,0,1,-1.4,0.1,0.1,-1,6.6,0,7.4,x
1652785670857.5,0.1,1.2,2.4,0.1,0.1,0.5,6.6,0.1,7.4,x
1652785670874.1,0,1.2,2.4,0.1,0.1,0.5,6.6,0,7.4,x
1652785670890.8,0,1.8,0.2,0,0,1.4,6.6,-0.1,7.4,x
1652785670907.5,0,1.6,0.9,-0.1,0,1.6,6.5,-0.3,7.1,x
1652785670924.2,0,0.7,4.1,-0.1,0,1.2,6.5,-0.2,7.1,x
1652785670940.9,0.1,-1.8,5.2,0,0,1,6.5,-0.2,7.1,x
1652785670957.5,0.1,-3.9,5.5,0,0.1,0.4,6.5,0.1,7.5,x
1652785670974.2,0.1,-2.1,7.1,-0.1,0.1,-0.8,6.4,0.2,7.5,x
1652785670990.7,0.1,-2.1,7.1,-0.2,0.1,-0.8,6.4,0.2,7.5,x
1652785671008.2,0.1,0.2,6.5,-0.1,0.1,-1.8,6.4,0.1,7.5,x
1652785671024.2,-0.1,1.3,5.1,0.1,-0.2,-2.4,6.7,0.1,7.4,x
1652785671040.9,-0.2,0.7,3.3,0.2,-0.2,-1.4,6.7,0.1,7.4,x
1652785671059.1,-0.1,0.5,2.1,0,-0.2,-0.1,6.7,0.3,7.5,x
1652785671074.2,-0.1,2.1,-1.2,-0.1,-0.2,-0.2,6.5,0.3,7.5,x
1652785671090.8,-0.1,5.9,-5.1,0,-0.1,0.5,6.6,0,7.2,x
1652785671108.3,0,5,-2.7,0,0,1.3,6.6,-0.2,7.1,x
1652785671124.2,0,5,-2.7,0.1,0,1.3,6.6,-0.3,7.1,x
1652785671140.8,0.1,1.5,0.1,-0.1,0,2.5,6.4,-0.3,7.2,x
1652785671157.6,0.1,-1.7,2.6,-0.2,0,1,6.4,-0.1,7.2,x
1652785671174.9,0,-1.9,3.2,-0.1,-0.1,-1.8,6.4,0.2,7.5,x
1652785671192.6,0,-0.5,1.4,0.2,-0.1,-2.1,6.7,0.2,7.5,x
1652785671207.4,0,4.9,-2.8,0,0,-0.8,6.5,0.1,7.5,x
1652785671224.1,0.1,5.7,-2.3,-0.1,0.1,-1.5,6.4,0,7.3,x
1652785671240.9,0.1,5.7,-2.3,-0.1,0.1,-1.5,6.4,0,7.3,x
1652785671257.5,0.2,5.9,0.7,-0.2,0.1,-2.1,6.5,0.1,7.4,x
1652785671274.4,0.2,6.6,5.7,-0.1,0.1,-2.5,6.5,0.1,7.4,x
1652785671292.6,0.1,9.7,7.5,0.2,0,-3.2,6.8,0.3,7.7,x
1652785671307.6,0.1,9.7,7.5,0.1,-0.1,-3.2,6.7,0.3,7.5,x
1652785671324.1,0,15.6,4.1,-0.1,-0.2,-4.6,6.6,0.1,7.5,x
1652785671340.8,-0.2,17.4,-1.1,0.1,-0.4,-3.6,6.9,0.3,7.5,x
1652785671358.5,-0.3,17.4,-1.1,0.1,-0.4,-3.6,6.9,0.2,7.5,x
1652785671374.2,-0.3,19.1,-6.3,0.2,-0.5,-1.9,6.9,-0.1,6.9,x
1652785671391.1,-0.4,16.9,-12.1,0,-0.5,0.1,6.9,-0.6,6.3,x
1652785671408.8,-0.3,16.9,-12.1,0,-0.5,0.1,6.9,-1.2,6.3,x
1652785671424.2,-0.2,9.5,-9.3,-0.1,-0.2,1.6,6.8,-1.2,5.9,x
1652785671441.5,0,-9.7,-0.2,-0.1,-0.1,2,6.9,-0.9,6.4,x
1652785671458,0.1,-14.5,3.6,0.1,-0.1,1.1,6.9,-0.2,6.9,x
1652785671475,0.1,-14.5,3.6,0.1,-0.1,1.1,6.9,0,6.9,x
1652785671490.8,-0.1,-14.8,5.3,0.1,-0.2,-0.2,6.9,0.4,7.6,x
1652785671507.5,-0.2,-6.8,-5.6,0.2,-0.3,1.1,7,0.5,7.6,x
1652785671524.1,-0.3,-3.8,-11.2,0.3,-0.4,3.4,7,0.2,7.4,x
1652785671540.8,-0.3,-3.8,-11.2,0.1,-0.3,3.4,6.8,0.1,7.2,x
1652785671557.4,-0.1,-1.5,-12.6,0,0,6.7,6.7,-0.2,6.8,x
1652785671574.1,0.2,-3.7,-8,-0.1,0.3,7.4,6.7,-0.5,6.7,x
1652785671590.8,0.4,-3.7,-8,-0.1,0.3,7.4,6.7,-0.5,6.7,x
1652785671607.4,0.5,-7.3,1.9,-0.4,0.5,5.1,6.3,-0.2,7.3,x
1652785671624.1,0.4,-9.4,9,-0.3,0.3,-1.5,6.6,0.4,7.6,x
1652785671641.3,0.3,-9.4,9,0,0.3,-1.5,6.6,0.5,7.6,x
1652785671658.3,0.1,-7.5,6.4,0.1,0,-1.8,6.7,0.4,7.7,x
1652785671675.2,0,-0.4,3,0,-0.2,-1.5,6.7,0.4,7.6,x
1652785671690.9,-0.1,-0.4,3,0,-0.2,-1.5,6.8,0.4,7.4,x
1652785671707.5,-0.1,1.6,0.2,0.1,-0.2,-0.1,6.8,0,7.4,x
1652785671724.1,0,2.2,-0.1,0,-0.1,1,6.7,-0.1,7.2,x
1652785671740.8,-0.1,1.7,-0.5,0,-0.1,0.5,6.7,0,7.2,x
1652785671758.1,-0.3,3.4,-7.7,0.2,-0.3,1.4,6.9,0.3,7.5,x
1652785671774.7,-0.3,3.4,-7.7,0.2,-0.4,1.4,6.9,0.3,7.6,x
1652785671790.9,-0.3,16.9,-9.8,0.1,-0.3,3,7,0.3,7.6,x
1652785671808,-0.2,25.4,-12.8,0.3,-0.1,7.7,7.1,0.3,7.4,x
1652785671825.1,-0.1,25.4,-12.8,0.2,-0.1,7.7,7.1,0.1,7.4,x
1652785671841.5,0,27.6,-14.2,0.1,0.1,10.3,6.8,-0.4,6.4,x
1652785671857.5,0.2,7.5,-0.2,-0.5,0.3,8,6.4,-0.9,6.1,x
1652785671876,0.3,-6.5,5.3,-0.7,0.3,5.6,6.4,-1,6.1,x
1652785671891.3,0.3,-6.5,5.3,-0.5,0.4,5.6,6.7,-0.8,6.6,x
1652785671908.2,0.2,-17.6,12.1,0.1,0.2,2.9,7,-0.2,7.1,x
1652785671925.1,0.3,-13.7,17,0.1,0.5,6.8,6.8,0.1,7.2,x
1652785671940.9,0.6,-13.7,17,-0.1,0.5,6.8,6.8,0,7.2,x
1652785671958.7,0.7,-12.6,20.2,-0.5,0.5,5.1,6.2,-0.1,7.1,x
1652785671974.4,0.3,-13,21.1,-0.3,0,-3.8,6.5,0.2,7.7,x
1652785671990.9,-0.1,-13,21.1,-0.1,0,-3.8,6.5,0.8,7.7,x
1652785672007.6,-0.5,-9,8.9,0.1,-0.5,-5.4,7,1.2,8,x
1652785672024.2,-0.2,4.7,-9.6,0.2,0,2.2,6.8,0.4,7.1,x
1652785672040.8,0.4,-0.1,-2.8,-0.3,0.4,2.3,6.4,-1,6,x
1652785672057.9,0.6,-0.1,-2.8,-0.4,0.4,2.3,6.4,-1.5,6,x
1652785672074.8,0.5,-14,13.6,-0.4,0.5,-1.4,5.8,-1.7,6.1,x
1652785672090.8,0.6,-23.2,30.5,-0.4,0.2,-7.7,6.5,0.4,8.5,x
1652785672107.4,-0.1,3.3,13.7,0.4,-0.4,-7.1,7,2.2,9.5,x
1652785672126.5,-0.2,22.3,-1.4,0.3,-0.4,-3.7,7,1.5,8.8,x
1652785672140.7,0,26,-4.6,0.3,-0.1,-4.1,6.9,0.9,7.8,x
1652785672157.4,0.1,26,-4.6,0.2,-0.1,-4.1,6.9,0.4,7.8,x
1652785672174.1,-0.1,5.5,-2.4,0.1,-0.2,-7.6,6.8,-0.9,6.9,x
1652785672191,-0.1,5.5,-2.4,0,-0.4,-7.6,6.6,-1,6.4,x
1652785672207.4,-0.1,3.6,6.8,0,-0.5,-4.2,6.8,0.2,7.8,x
1652785672224.1,-0.4,15.1,-6.3,0,-0.7,-2.3,6.8,1,8,x
1652785672241,-0.4,15.1,-6.3,0,-0.7,-2.3,6.8,0.6,8,x
1652785672257.6,0.1,18.2,-12.4,0.1,-0.5,0.7,6.9,-0.6,7.1,x
1652785672276,0.3,-2.4,5.5,-0.2,0,-2.8,6.7,-1.2,5.9,x
1652785672291.6,0.3,-2.4,5.5,-0.2,0,-2.8,6.7,-1.1,5.9,x
1652785672310.1,0,-11.5,14.4,-0.1,-0.5,-4,6.8,-0.1,7.7,x
1652785672324.2,-0.2,-4.6,4.1,0.1,-0.6,-2.2,6.9,0.8,7.9,x
1652785672340.7,-0.2,0.5,-3.4,0.2,-0.6,-0.2,6.9,0.6,7.9,x
1652785672359.7,-0.1,6.3,-7.1,-0.1,-0.4,-0.1,6.7,0.4,7.5,x
1652785672383.7,0,8.3,-5.6,0.1,-0.4,0.6,6.9,-0.4,6.9,x
1652785672390.9,0.1,2.4,0,0.1,-0.3,0,6.9,-0.6,6.6,x
1652785672407.4,0.1,2.4,0,0.1,-0.3,0,6.9,-0.6,6.6,x
1652785672424,0,-4.8,3.5,-0.2,-0.4,-0.8,6.6,-0.1,7.4,x
1652785672440.8,-0.1,-2.5,-3.5,-0.1,-0.5,0.5,6.8,0.4,7.6,x
1652785672457.4,-0.1,0.8,-5.5,0.1,-0.4,1.6,6.9,0.3,7.4,x
1652785672474.1,0,0.8,-5.5,0.1,-0.4,1.6,6.9,0.1,7.4,x
1652785672493.7,0.1,-2.9,3.8,0,-0.2,1.3,6.8,-0.3,6.7,x
1652785672507.4,0.1,-10.2,8.9,0,-0.3,0.1,6.7,-0.5,6.6,x
1652785672524.1,0.1,-10.2,8.9,0,-0.3,0.1,6.7,-0.6,6.6,x
1652785672540.8,0,-16.9,14.9,0.1,-0.3,-0.6,6.7,-0.6,6.7,x
1652785672557.4,0.1,-24.9,23.4,0.1,-0.4,1.9,6.8,-0.4,7.1,x
1652785672574,0.2,-17,24.8,-0.2,-0.4,3.1,6.4,0.4,8,x
1652785672590.7,0.1,-17,24.8,-0.3,-0.4,3.1,6.4,1.2,8,x
1652785672607.4,-0.3,12.2,-4.8,0,-0.8,3.8,6.8,1.4,8.6,x
1652785672624,-0.2,19.4,-14.8,0.1,-0.6,5.1,6.7,0.8,8,x
1652785672640.7,0,22,-17.4,-0.2,-0.4,4,6.5,0.1,7.4,x
1652785672657.4,0.1,22,-17.4,-0.3,-0.3,4,6.4,-0.1,7,x
1652785672674,0.1,17.4,-13.2,-0.3,-0.3,-0.3,6.6,-0.3,6.8,x
1652785672691,0,13.2,-9.8,0,-0.3,0.1,6.8,-0.5,6.6,x
1652785672707.4,0,13.2,-9.8,0,-0.3,0.1,6.8,-0.5,6.6,x
1652785672724.1,0.1,6.1,-3.1,-0.1,-0.2,0.1,6.8,-0.3,6.8,x
1652785672740.7,0.1,2.7,0.4,0,-0.2,0.4,6.8,-0.4,6.8,x
1652785672757.3,0.1,-0.1,2.8,-0.1,-0.2,0,6.8,-0.1,7,x
1652785672774,0.1,-0.1,2.8,-0.1,-0.3,0,6.8,0,7.3,x
1652785672790.7,0,0,3,0,-0.4,-1.8,6.8,0.3,7.5,x
1652785672807.4,-0.1,3.5,0.8,0,-0.5,-1.9,6.8,0.4,7.5,x
1652785672824,-0.1,3.5,0.8,-0.1,-0.5,-1.9,6.8,0.3,7.5,x
1652785672840.8,0,6.6,-2.2,0,-0.3,-1.1,6.9,0,7,x
1652785672857.3,0,6.2,-1.5,0.1,-0.3,-0.8,6.9,-0.2,6.8,x
1652785672874,0,6.2,-1.5,0,-0.3,-0.8,6.9,-0.3,6.8,x
1652785672890.7,0,3.5,1.1,0,-0.4,-1.1,6.9,-0.3,6.9,x
1652785672907.4,0,-1.6,1.1,0,-0.4,-1,6.8,-0.1,7,x
1652785672924,0,-1.9,1.8,-0.1,-0.4,-0.5,6.8,-0.1,7,x
1652785672941.1,0.1,-1.9,1.8,-0.1,-0.4,-0.5,6.8,0,7,x
1652785672957.3,0.1,-1.4,2.7,-0.1,-0.3,-0.6,6.9,0.1,7.1,x
1652785672974.1,0.1,0.5,5.6,0,-0.3,-0.7,6.9,0.1,7.1,x
1652785672990.6,0.2,0.5,5.6,-0.1,-0.3,-0.7,6.9,0.1,7.1,x
1652785673007.6,0.2,1.4,6.7,-0.2,-0.3,-1.3,6.8,0.1,7.1,x
1652785673024,0,3.3,6,0,-0.5,-4.1,6.9,0.1,7.2,x
1652785673040.7,-0.1,5.2,4,0.1,-0.6,-3.9,7,0.3,7.4,x
1652785673057.4,-0.2,5.2,4,0.1,-0.6,-3.9,7,0.3,7.4,x
1652785673074.1,-0.2,5.9,-0.8,0,-0.6,-2.7,6.9,0.1,7,x
1652785673090.7,0.3,5.5,-4.3,0,-0.2,0.9,6.9,-0.2,6.8,x
1652785673107.4,0.2,6.1,0.4,0,-0.3,-0.2,6.9,-0.1,6.9,x
1652785673124,0.1,6.1,0.4,0,-0.3,-0.2,7,0,7.1,x
1652785673140.9,0,8,4.2,0,-0.4,-2.2,6.9,0.2,7.2,x
1652785673157.3,0,9,3,-0.1,-0.5,-2.4,6.9,0.1,7,x
1652785673174,0,9,3,0,-0.5,-2.4,6.9,-0.1,7,x
1652785673190.6,0.3,9.4,4.2,-0.2,0,-0.4,6.7,-0.3,6.6,x
1652785673207.3,0.6,4.1,12.1,-0.3,-0.1,-3.1,6.7,-0.3,6.7,x
1652785673224,-0.1,0.8,12.4,0.1,-0.7,-9,7.1,0.2,7.1,x
1652785673240.7,-0.5,0.8,12.4,0.2,-1.2,-9,7.1,0.3,7.3,x
1652785673257.3,-0.5,4.5,2.7,0.1,-0.9,-4.8,7.1,0.3,7.1,x
1652785673274,-0.2,6.1,-2.8,0.1,-0.7,-1.9,7.2,0.1,6.9,x
1652785673290.7,-0.1,6.1,-2.8,0.2,-0.7,-1.9,7.2,0,6.9,x
1652785673307.4,-0.2,6.1,-6.8,0.1,-0.8,-1.7,7.1,0.4,7.3,x
1652785673324,-0.2,10.8,-11,0,-0.7,-2.2,7.2,0,6.6,x
1652785673340.6,-0.1,10.8,-11,0.1,-0.7,-2.2,7.2,-0.5,6.6,x
1652785673357.3,0,9.8,-3,0,-0.7,-0.9,7.1,-0.9,5.9,x
1652785673374,-0.2,-2.9,7.4,0.2,-0.8,-0.2,7.4,-0.5,6.4,x
1652785673390.6,-0.1,-6,4.2,0.1,-0.7,0.8,7.1,0.1,6.9,x
1652785673407.4,0,-6,4.2,-0.1,-0.7,0.8,7.1,0.2,6.9,x
1652785673424,-0.1,-4.8,0.2,-0.1,-0.8,-0.4,7.1,0.3,7,x
1652785673440.7,-0.3,4.4,-6.1,0.1,-0.9,-0.2,7.2,0.3,7.1,x
1652785673457.3,-0.2,5.7,-11.6,0.1,-0.8,0.9,7.2,0.2,6.9,x
1652785673474,0,5.7,-11.6,0.1,-0.5,0.9,7.2,-0.2,6.5,x
1652785673490.6,0.3,0.5,-8.3,0,-0.2,2.3,7.1,-0.4,6.3,x
1652785673507.3,0.2,-2.8,-1.7,0.1,-0.4,-0.1,7.2,-0.3,6.6,x
1652785673524.2,-0.1,-2.8,-1.7,0,-0.4,-0.1,7.2,0,6.6,x
1652785673540.7,0,-4.5,2.6,-0.1,-0.5,-0.6,7,0,6.8,x
1652785673557.5,0,-2.6,2.8,-0.1,-0.7,-0.3,7.1,0.1,7,x
1652785673574,-0.2,0.2,-1.1,0.1,-0.8,0.7,7.2,0.3,7.1,x
1652785673590.7,-0.2,0.2,-1.1,0.1,-0.7,0.7,7.2,0.4,7.1,x
1652785673607.4,0,4.5,-5.7,0,-0.5,2.6,7.1,0.2,6.8,x
1652785673624,0.2,3.6,-3.3,-0.1,-0.3,2.4,7,-0.3,6.5,x
1652785673640.6,0.3,3.6,-3.3,0,-0.3,2.4,7,-0.4,6.5,x
1652785673657.3,0.1,1.3,2.4,0,-0.5,1.1,7.1,-0.2,6.7,x
1652785673674,0.1,-4.5,5.4,-0.1,-0.5,0,7,0,6.8,x
1652785673690.7,-0.1,-4.7,3.3,0,-0.7,-0.6,7.2,0.3,7.1,x
1652785673707.3,-0.2,-4.7,3.3,0.1,-0.7,-0.6,7.2,0.4,7.3,x
1652785673724,-0.1,4.9,-4.5,0,-0.6,1.6,7.1,0.4,7.2,x
1652785673740.7,0,6,-6.7,-0.1,-0.5,1.3,7.1,0.3,6.9,x
1652785673757.4,0,4.9,-4.5,0,-0.5,1.3,7.1,-0.1,6.9,x
1652785673773.9,0.1,4.9,-4.5,0,-0.4,1.3,7.1,-0.3,6.6,x
1652785673790.6,0.1,2.3,1.4,-0.1,-0.4,0.5,7.1,-0.2,6.7,x
1652785673807.3,-0.1,1,-0.6,0,-0.6,0.3,7.1,0,6.8,x
1652785673826.2,-0.1,0.1,-1.6,0,-0.6,0.8,7.2,0.1,6.8,x
1652785673840.6,-0.1,1.3,-2.8,0,-0.6,1.5,7.3,0.1,7.1,x
1652785673857.4,-0.2,5,-7.4,0.2,-0.7,3.2,7.3,0.4,7.1,x
1652785673874,0,8.3,-11.9,-0.2,-0.7,4.4,7.3,0.1,7.1,x
1652785673890.6,0.1,8.3,-11.9,-0.2,-0.2,4.4,6.9,-0.2,6.5,x
1652785673907.3,0.2,3.1,-7.3,-0.2,-0.3,0.6,7.1,-0.4,6.4,x
1652785673924.1,0.1,3.1,-7.3,0,-0.3,0.6,7.1,-0.3,6.4,x
1652785673940.7,-0.1,-0.9,-3.1,0.1,-0.4,-0.1,7.2,0.2,7,x
1652785673957.4,0.1,2.8,-1.9,-0.1,-0.3,1.2,7.1,0.1,6.7,x
1652785673973.9,0.1,2.5,-2.5,0,-0.3,0.8,7.2,-0.4,6.3,x
1652785673991.3,0,-1.6,-1.7,0.1,-0.3,-0.3,7.3,-0.5,6.2,x
1652785674007.3,0,-1.6,-1.7,0.1,-0.3,-0.3,7.3,-0.4,6.4,x
1652785674024.3,0.1,-7,6.4,-0.1,-0.3,-1.5,7.1,-0.1,6.8,x
1652785674040.7,-0.1,-4.9,5.4,0.1,-0.5,-2.7,7.3,0.4,7.1,x
1652785674057.4,-0.2,-4.9,5.4,0.2,-0.5,-2.7,7.4,0.4,7,x
1652785674073.9,0,-0.7,0.5,0.1,-0.3,0,7.2,0.1,6.8,x
1652785674090.6,0.1,-1.3,1.6,-0.1,-0.3,-0.6,7.1,-0.1,6.6,x
1652785674107.8,0.1,-1.3,1.6,0,-0.4,-0.6,7.1,-0.1,6.7,x
1652785674125.7,0,-4,3.4,0,-0.4,-1,7.2,-0.1,6.8,x
1652785674140.9,0.1,-6.6,9.5,0.2,-0.4,-1.6,7.2,0,6.7,x
1652785674157.4,0.1,-5.3,11.6,0,-0.6,-3.1,6.9,-0.1,6.9,x
1652785674174,-0.2,-5.3,11.6,-0.2,-0.8,-3.1,7.2,0.4,7.3,x
1652785674190.6,-0.3,0.3,-3.3,0.3,-0.7,1.5,7.4,0.3,7,x
1652785674207.3,0,2.5,-3.4,0.1,-0.4,2.7,7.2,0,6.9,x
1652785674224,0.1,2.5,-3.4,-0.1,-0.4,2.7,7.2,0,6.9,x
1652785674240.9,0.1,2.4,-2.8,-0.1,-0.4,2.1,7,-0.2,6.7,x
1652785674257.3,0,-0.9,2.2,0,-0.5,-0.4,7.1,-0.1,6.8,x
1652785674274,0,-0.3,1.5,0,-0.5,-0.6,7.1,0.2,6.8,x
1652785674290.7,-0.1,-0.3,1.5,0,-0.6,-0.6,7.1,0.3,7,x
1652785674307.6,-0.1,3.3,-2,0,-0.5,0.5,7.1,0.1,6.8,x
1652785674324,0,2.6,-2.8,0,-0.5,0.7,7.1,-0.1,6.7,x
1652785674340.9,0,2.6,-2.8,0,-0.5,0.7,7.1,-0.2,6.7,x
1652785674357.3,0,1.5,-1.9,0,-0.4,1.1,7.1,-0.1,6.8,x
1652785674374,0,1.5,-3.3,-0.1,-0.5,0.7,7.1,0,6.8,x
1652785674390.7,0,1,-1.4,0,-0.4,0.3,7.2,0,6.8,x
1652785674407.4,0,1,-1.4,0,-0.4,0.3,7.2,0,6.7,x
1652785674424,0.1,0.3,2.3,0,-0.4,-0.5,7.1,0,6.8,x
1652785674440.7,0,0.8,1.8,0,-0.5,-0.6,7.2,0,6.8,x
1652785674457.4,-0.1,0.8,1.8,0,-0.5,-0.6,7.2,0,6.8,x
1652785674474,0,1.1,1.2,0,-0.5,0.2,7.2,0.1,6.9,x
1652785674490.6,0,1.7,-3.7,0,-0.5,0.9,7.1,0,6.9,x
1652785674507.4,0,2.1,-5.6,0,-0.5,1,7.2,0.1,6.9,x
1652785674524,0,2.1,-5.6,0.1,-0.4,1,7.2,0.1,6.8,x
1652785674541,0,2.7,-4,0,-0.4,-0.6,7.2,0.1,6.8,x
1652785674557.3,0,2.8,-1.4,0,-0.4,0.4,7.2,-0.3,6.5,x
1652785674574,0.1,1.6,-0.2,-0.1,-0.4,0.6,7.1,-0.3,6.4,x
1652785674590.7,0,1.6,-0.2,-0.1,-0.5,0.6,7.1,-0.5,6.4,x
1652785674612.1,-0.2,-4.7,-4.1,0.1,-0.6,0.7,7.3,0.2,7,x
1652785674624.1,0,-4.4,-4.3,0.2,-0.4,2.2,7.3,0.1,6.9,x
1652785674640.7,0.2,-4.4,-4.3,0,-0.1,2.2,7,0.1,6.9,x
1652785674657.3,0.1,0.9,-0.5,-0.2,-0.3,-0.8,7.1,0.1,6.8,x
1652785674674.1,0,-1.4,2.8,-0.1,-0.3,-0.8,7.1,-0.1,6.8,x
1652785674690.7,0,-1.4,2.8,0.1,-0.4,-0.8,7.2,-0.3,6.4,x
1652785674707.4,-0.1,-4.4,6.1,0,-0.6,-0.9,7.2,0.1,7,x
1652785674723.9,-0.2,-2.4,-1.9,0.1,-0.6,2.1,7.2,0.3,7.1,x
1652785674740.7,-0.1,1.2,-5.8,0,-0.5,2.6,7.2,0.3,7,x
1652785674757.3,0,1.2,-5.8,0,-0.4,2.6,7.1,0.1,6.8,x
1652785674773.9,0,1.2,-5.8,0,-0.4,1.8,7.2,-0.2,6.6,x
1652785674790.7,0,-1.5,-3.2,0,-0.4,1.8,7.1,-0.2,6.6,x
1652785674807.3,0.1,-2.6,-1.4,-0.1,-0.2,1.7,7.1,-0.1,6.7,x
1652785674823.9,0.2,-2.6,-1.4,-0.1,-0.2,1.7,7.1,-0.1,6.7,x
1652785674840.6,0,-2.6,-0.8,0,-0.4,1,7.2,-0.1,6.8,x
1652785674857.3,-0.1,-2.8,-0.1,0.1,-0.4,0.2,7.2,0,6.8,x
1652785674873.9,0,-2.7,0.5,0.1,-0.4,0.5,7.2,0.1,6.9,x
1652785674890.6,0,-2.6,0,-0.1,-0.3,0.4,7,-0.1,6.7,x
1652785674907.6,0,-3.7,0.7,-0.1,-0.3,0.3,7.1,-0.1,6.7,x
1652785674923.9,0,-3.7,0.7,0,-0.3,0.3,7.1,0,6.7,x
1652785674940.6,-0.1,-5.2,-1.5,0.1,-0.4,0,7.2,0.2,7,x
1652785674957.4,0,-2.7,-1.9,0,-0.3,1.6,7.1,0.2,7.1,x
1652785674973.9,0,-1.2,-2.9,0,-0.3,0.6,7.1,0.3,7.1,x
1652785674990.6,0,-1.2,-2.9,0,-0.3,0.6,7.1,0.2,7.1,x
1652785675007.2,0,-0.8,-3.7,0,-0.3,1.4,7.1,-0.1,6.7,x
1652785675024,0,-2,-2.1,0,-0.3,1.1,7.1,-0.1,6.8,x
1652785675040.6,0,-2,-2.1,0,-0.3,1.1,7.1,-0.1,6.8,x
1652785675057.3,0,-2.6,-1.4,0,-0.3,0.9,7,0,7,x
1652785675074.1,0,0.1,-2.4,-0.1,-0.3,0.8,7,0.2,7.1,x
1652785675090.7,-0.1,1.2,-2.4,0,-0.4,0.4,7.1,0.2,7.1,x
1652785675107.2,-0.1,1.2,-2.4,0,-0.4,0.4,7.1,0.2,7.1,x
1652785675123.9,0,2.5,-4.8,0,-0.2,1.6,7.1,0,6.8,x
1652785675140.8,0.1,1.7,-3.4,-0.1,-0.2,1.8,7,-0.2,6.6,x
1652785675157.3,0.1,1.7,-3.4,-0.1,-0.2,1.8,7,-0.3,6.6,x
1652785675174.2,0.1,-0.6,-1.7,0,-0.2,1.3,7.1,-0.2,6.8,x
1652785675190.6,0,-3,-0.3,0,-0.2,0.6,7.1,0,6.9,x
1652785675207.3,0,-1.8,-1.5,0,-0.2,1,7.1,0.1,7,x
1652785675224,0,-1.8,-1.5,0,-0.2,1,7.1,0.1,7,x
1652785675240.7,-0.1,-1.8,-4.4,0,-0.2,1.5,7,0,6.8,x
1652785675257.7,0,-2.7,-3.2,-0.1,-0.2,1.5,7,-0.2,6.7,x
1652785675274.6,-0.1,-2.7,-3.2,0,-0.2,1.5,7,-0.1,6.7,x
1652785675293.9,0.1,-3.2,-1,0,-0.1,1.1,7.1,0.2,7.1,x
1652785675307.4,0.1,-1.3,0.6,0,-0.1,0.5,7.1,0.2,7.1,x
1652785675324.5,0.1,0.3,1.4,0,-0.1,0.1,7,0.1,7.1,x
1652785675340.6,0.1,0.3,1.4,0,-0.1,0.1,7,0.1,7.1,x
1652785675357.3,0,0.9,0,0,-0.2,-0.5,7,-0.1,6.8,x
1652785675374,0,0.6,-0.8,0,-0.2,-0.1,7,-0.1,6.9,x
1652785675390.6,0,0,0.5,0,-0.2,-0.1,7,0.1,6.9,x
1652785675407.2,-0.1,-0.4,1.5,0,-0.2,-0.4,7.1,0.1,7,x
1652785675424.1,0,0.9,2,0,-0.2,0.3,7,0,6.9,x
1652785675440.6,0,1.5,-0.1,-0.1,-0.2,0.3,7,0.1,7,x
1652785675457.4,0,1.5,-0.1,0,-0.2,0.3,7,0.1,7,x
1652785675473.9,0.1,2.2,-0.2,0,-0.1,0.2,7,0,7,x
1652785675490.6,0.1,1.9,2,0,-0.1,-0.2,7,0.2,7.3,x
1652785675507.3,0.3,3,-1.1,-0.1,0.2,1.3,6.9,0.6,7.5,x
1652785675523.9,0.6,3,-1.1,-0.2,0.6,1.3,6.7,0.5,7.6,x
1652785675540.6,0.7,13.6,11.1,-0.3,0.4,-7,6.9,0.5,7.3,x
1652785675557.2,0.3,17.1,19.8,0,0,-10.9,7.1,0.2,7.2,x
1652785675574,0.1,17.1,19.8,0,0,-10.9,7.1,0.4,7.2,x
1652785675590.9,-0.1,20,23.4,-0.3,-0.5,-14.4,7,0.8,7.5,x
1652785675607.6,-0.1,25.9,11.7,0.1,-0.5,-13.3,7.5,0.4,7.1,x
1652785675623.9,-0.3,30,4.4,0.4,-0.8,-11.9,7.7,0.2,7,x
1652785675640.5,-0.4,30,4.4,0.2,-0.7,-11.9,7.4,0.2,7,x
1652785675657.4,-0.2,39.7,-9.4,-0.2,-0.7,-11.5,7.3,0,6.5,x
1652785675674,-0.3,40,-10.4,-0.1,-0.8,-11,7.4,-0.5,6,x
1652785675690.6,-0.3,40,-10.4,0,-0.8,-11,7.4,-0.7,6,x
1652785675707.3,-0.1,37.3,-5.3,-0.2,-0.8,-10.3,7.6,-0.5,5.7,x
1652785675724,-0.4,30.7,6.1,0.2,-0.9,-10.6,7.9,-0.9,5.3,x
1652785675740.9,-0.3,30.7,6.1,0.2,-0.9,-10.6,7.9,-1.1,5.3,x
1652785675757.3,-0.2,26.4,12.1,0.1,-0.9,-8.7,7.9,-1.2,5.1,x
1652785675774,-0.1,14.2,14.2,0,-1,-4.7,7.8,-0.7,5.7,x
1652785675790.7,-0.3,14.2,14.2,0,-1,-4.7,7.8,-0.3,5.7,x
1652785675807.3,-0.3,9.1,5.5,0,-1.1,-2.4,7.8,0.1,6.2,x
1652785675824,-0.2,7.8,-2.3,0,-0.8,-1.3,8,0.1,6,x
1652785675842.9,0.1,14.1,4.6,0.2,-0.6,-0.6,8,0,6,x
1652785675857.2,0.2,15.2,6.8,-0.1,-0.6,-3,7.8,-0.1,5.8,x
1652785675873.9,0.2,15.2,6.8,-0.1,-0.8,-3,7.8,-0.6,5.1,x
1652785675890.6,-0.2,5.2,10.1,-0.1,-1.2,-3.9,7.9,-1,5,x
1652785675907.2,-0.4,-2.8,6.7,0,-1.3,-1.5,8,-0.8,5.2,x
1652785675924.5,-0.4,-6.8,-1.3,0.1,-1.2,1.6,8,-0.2,5.8,x
1652785675940.5,-0.3,-6.8,-1.3,0.2,-1,1.6,8.1,-0.1,6,x
1652785675957.2,-0.2,-2,-10.2,0.2,-1,4.9,8.1,0,6,x
1652785675973.9,0,-0.1,-7.5,0,-0.7,3.2,7.9,0.2,6.1,x
1652785675992.1,0,-0.1,-7.5,0,-0.7,3.2,7.9,0.1,6,x
1652785676007.2,0.1,0,-0.1,-0.1,-0.7,-0.6,7.9,-0.2,5.7,x
1652785676023.9,0,-1.6,4.5,0.1,-0.7,-0.5,8,-0.4,5.6,x
1652785676040.6,0.1,-1.6,4.5,0.1,-0.7,-0.5,8,-0.4,5.6,x
1652785676057.3,0,-2.5,7.9,0.1,-0.9,-0.8,7.9,-0.2,5.8,x
1652785676073.8,-0.1,-3.4,10.8,0,-0.9,-1.6,7.8,-0.1,5.9,x
1652785676090.6,-0.2,-3.5,6.6,0,-1.1,-1.7,8,0.3,6.3,x
1652785676107.2,-0.4,-3.5,6.6,0.2,-1.2,-1.7,8.1,0.4,6.4,x
1652785676124,-0.2,2.8,-5.5,0,-0.9,1.9,7.9,0.1,5.9,x
1652785676140.7,0.1,1.4,-3.3,0,-0.7,1.4,7.9,-0.5,5.5,x
1652785676158,0.1,1.4,-3.3,0,-0.7,1.4,7.9,-0.5,5.5,x
1652785676173.9,0.1,-2.2,0.9,0,-0.7,0.3,7.9,-0.3,5.7,x
1652785676190.6,0,-4,8.6,0,-0.9,-2.4,7.9,0,6,x
1652785676207.3,-0.3,-3,4.7,0.1,-1.1,-1.5,8,0.4,6.3,x
1652785676223.9,-0.3,-3,4.7,0.1,-1.1,-1.5,8,0.4,6.2,x
1652785676240.6,-0.2,3,-8.8,-0.1,-1,1.8,7.9,0.1,6,x
1652785676257.3,-0.1,3.3,-9.1,0,-0.9,2.4,7.9,-0.2,5.7,x
1652785676273.9,0.1,3.3,-9.1,0,-0.9,2.4,7.9,-0.4,5.7,x
1652785676290.7,0.2,0.7,-4.5,0,-0.7,1.5,7.8,-0.4,5.6,x
1652785676307.3,0,-3,4.8,-0.1,-0.9,-1.3,7.9,-0.2,5.9,x
1652785676324,-0.1,-3.1,2.7,0.1,-1,-0.5,8,0.1,6.1,x
1652785676340.6,-0.1,-3.1,2.7,0.1,-1,-0.5,7.9,0.2,6.2,x
1652785676357.3,-0.2,0,-5.6,0,-1,1.2,7.9,0.1,6.1,x
1652785676374,-0.2,0.5,-9.1,0.1,-1,2.3,8,0.1,6,x
1652785676390.6,0,0.5,-9.1,0,-1,2.3,8,0,6,x
1652785676407.3,0.1,1.2,-9.8,0,-0.7,2.4,7.9,-0.3,5.7,x
1652785676423.9,0.1,-2,0.1,0,-0.7,0.2,7.9,-0.3,5.7,x
1652785676440.6,0,-3.4,3.6,0,-0.8,-0.7,7.9,-0.1,5.9,x
1652785676457.3,0,-3.4,3.6,0,-0.9,-0.7,7.8,0,6.2,x
1652785676474,-0.2,-0.9,-4.8,0,-1.1,0.6,8,0.4,6.3,x
1652785676490.5,-0.1,0.6,-8.6,0.1,-0.9,2.3,7.9,0,5.9,x
1652785676507.3,0,0.6,-8.6,0,-0.9,2.3,7.9,-0.2,5.9,x
1652785676523.9,0,0.3,-6.5,0,-0.7,2,7.8,-0.2,5.9,x
1652785676540.6,0,-1.6,-3.9,0,-0.7,1,7.9,-0.1,5.8,x
1652785676557.3,0.1,-2.6,-0.4,0,-0.6,0,7.9,-0.2,5.7,x
1652785676573.9,0.1,-2.6,-0.4,0,-0.7,0,7.9,-0.2,5.8,x
1652785676590.6,-0.1,-3.9,1.2,0,-0.9,-0.8,7.9,0.1,6.2,x
1652785676607.3,-0.2,-1.9,-5.4,0.1,-0.9,0.9,7.9,0.3,6.3,x
1652785676623.9,-0.1,-1.9,-5.4,0,-0.9,0.9,7.9,0.2,6.3,x
1652785676640.6,-0.1,0,-9.9,0,-0.8,1.6,7.9,0,6,x
1652785676657.3,-0.1,-1.3,-17.6,0,-0.8,2.5,7.8,-0.2,5.8,x
1652785676673.9,-0.1,-2.8,-15.2,-0.1,-0.7,3.2,7.8,-0.4,5.6,x
1652785676690.6,0,-2.8,-15.2,0,-0.5,3.2,7.9,-0.4,5.7,x
1652785676707.3,0.2,-7.2,-4.8,0,-0.4,1.6,7.7,-0.1,5.9,x
1652785676724,0.2,-6.6,-0.5,-0.1,-0.5,-0.2,7.8,0.1,6.2,x
1652785676740.6,0,-6.6,-0.5,0,-0.5,-0.2,7.8,0.2,6.2,x
1652785676757.3,-0.3,-4.9,-0.8,0.3,-0.8,-0.3,8.1,0.9,6.7,x
1652785676774,0,3.8,-7.6,0.1,-0.5,3.5,7.8,0.1,6.1,x
1652785676790.6,0.2,2.4,-2.1,-0.1,-0.4,2.1,7.7,-0.4,5.7,x
1652785676807.2,0.2,2.4,-2.1,-0.1,-0.5,2.1,7.8,-0.4,5.8,x
1652785676824,0.1,-2.9,5.3,0,-0.4,0.1,7.8,-0.1,5.9,x
1652785676840.6,0.2,-2,9.4,-0.1,-0.4,-1.5,7.8,-0.1,6,x
1652785676857.3,0.1,-2,9.4,0,-0.4,-1.5,7.8,0,6,x
1652785676874,0,-1.9,10.2,0,-0.6,-2.4,7.7,-0.2,5.8,x
1652785676890.7,-0.1,-2.9,8.1,0,-0.9,-2.6,7.9,0.2,6.6,x
1652785676907.4,-0.4,1.1,-5.8,0.2,-1,1.1,8,1,7,x
1652785676924.1,-0.3,1.1,-5.8,0.2,-0.7,1.1,7.9,0.7,6.3,x
1652785676940.6,0.1,9.2,-10.3,-0.1,-0.5,3.4,7.7,-0.2,5.8,x
1652785676957.3,0,4.6,-6.6,0,-0.5,1.9,7.9,-0.3,5.7,x
1652785676974,0,4.6,-6.6,0.1,-0.5,1.9,7.9,-0.4,5.7,x
1652785676990.4,0.1,1.7,-2.7,-0.2,-0.4,1.3,7.7,-0.4,5.5,x
1652785677007.3,0.2,1.1,1.7,-0.1,-0.4,0,7.7,-0.6,5.5,x
1652785677024.4,-0.1,-10.5,12.1,-0.1,-0.8,-2.1,7.8,-0.4,5.9,x
1652785677040.9,-0.4,-10.5,12.1,0.1,-1,-2.1,8.1,0.8,7.2,x
1652785677057.6,-0.2,0.9,-3.3,0.2,-0.6,2.8,7.9,1,7,x
1652785677074,0.1,7.8,-7.1,-0.1,-0.5,2.3,7.7,0.6,6.4,x
1652785677090.8,0.1,7.8,-7.1,-0.1,-0.5,2.3,7.7,-0.1,6.4,x
1652785677107.4,0.2,5.6,-2.7,0,-0.4,0.8,7.8,-0.6,5.6,x
1652785677124,0.1,-1.3,7.8,-0.1,-0.5,-1.5,7.8,-0.3,5.8,x
1652785677140.7,-0.1,-1.9,7.9,0,-0.7,-1.5,7.8,-0.1,6,x
1652785677157.5,-0.1,-1.9,7.9,0,-0.8,-1.5,7.9,0.2,6.6,x
1652785677174.2,-0.1,3,2.8,0.1,-0.6,0.7,7.9,0.6,6.7,x
1652785677190.6,0.1,9.2,3.1,0,-0.5,0.2,7.9,0.8,6.7,x
1652785677207.9,0.2,9.2,3.1,0,-0.5,0.2,7.9,0.5,6.7,x
1652785677224,0.3,13,7.1,0,-0.4,-0.2,7.8,0,5.9,x
1652785677240.7,0.2,11.9,22.5,-0.1,-0.6,-3.9,7.8,-0.3,5.7,x
1652785677257.3,0.2,9.6,26.5,-0.2,-0.6,-5.2,7.8,-0.1,5.7,x
1652785677274,0.3,9.6,26.5,-0.2,-0.7,-5.2,7.8,-0.3,5.6,x
1652785677290.8,0,6.5,36.6,-0.1,-1.1,-7.5,8,-0.1,6.1,x
1652785677307.3,-0.2,8.3,36.1,0.2,-1.2,-5.2,8.1,0.6,6.5,x
1652785677323.9,0,14.4,31.4,0.1,-1.1,-3.6,8.1,0.8,6.6,x
1652785677340.7,0.1,14.4,31.4,0.1,-1,-3.6,8.1,0.7,6.3,x
1652785677357.2,0.1,25.8,18.7,-0.1,-1.1,-3,8,0,5.6,x
1652785677373.9,0,24.2,17.6,-0.2,-1.2,-3.4,7.9,-0.6,5.1,x
1652785677391,0,24.2,17.6,-0.2,-1.3,-3.4,7.9,-0.6,5.1,x
1652785677407.3,-0.1,12.7,20.6,0,-1.4,-4.9,8.2,-0.4,5.2,x
1652785677423.9,-0.1,9.3,20.6,0.1,-1.5,-4.2,8.2,-0.3,5.3,x
1652785677441.4,-0.2,9,18,0,-1.5,-2.9,8.2,0,5.3,x
1652785677457.2,-0.1,9,18,0,-1.4,-2.9,8.3,0.3,5.7,x
1652785677473.9,0,14,16.5,0,-1.4,-1.7,8.2,0.3,5.7,x
1652785677490.5,0,16.8,14.1,0,-1.5,-1.3,8.2,0.2,5.3,x
1652785677507.2,0,16.8,14.1,-0.2,-1.5,-1.3,8.2,-0.8,5.3,x
1652785677523.8,-0.4,6.9,4.2,0.1,-1.9,2,8.3,-1.2,4.3,x
1652785677540.6,-0.2,-2.4,-5.2,-0.2,-1.6,3.5,8.1,-0.6,4.8,x
1652785677557.2,-0.1,-5.4,-11.7,-0.2,-1.6,3.1,8.1,-0.3,4.8,x
1652785677573.9,-0.2,-5.4,-11.7,0.1,-1.6,3.1,8.5,0.2,5.5,x
1652785677590.6,0,-0.3,-5,0.1,-1.3,4,8.3,0.4,5.8,x
1652785677607.2,0.2,3,-0.1,0.1,-1.2,2.6,8.3,0.3,5.6,x
1652785677623.9,0.2,3,-0.1,0,-1.2,2.6,8.3,0.2,5.6,x
1652785677640.5,0.1,3.2,2.2,-0.2,-1.3,-0.5,8.2,-0.2,5,x
1652785677657.2,0.1,1.3,6.2,0,-1.3,-1,8.2,-0.3,5,x
1652785677673.9,0,0.6,8.9,0.1,-1.4,-2,8.3,0,5.3,x
1652785677690.6,-0.3,0.6,8.9,0.1,-1.7,-2,8.4,0.3,5.5,x
1652785677707.2,-0.2,2.4,3.7,0,-1.6,0,8.2,0,5.2,x
1652785677723.9,-0.1,1.7,2.8,0,-1.5,0.3,8.3,-0.2,5.1,x
1652785677740.6,0,1.7,2.8,0,-1.5,0.3,8.3,-0.1,5.1,x
1652785677757.2,0.1,-0.3,1.6,0,-1.3,-0.2,8.3,-0.1,5.1,x
1652785677773.8,0.2,-1,4,0,-1.4,-1,8.2,-0.1,5.2,x
1652785677790.4,-0.2,-1.2,5.3,0,-1.6,-1.4,8.3,0.1,5.4,x
1652785677807.2,-0.1,-1.2,5.3,0,-1.6,-1.4,8.3,0.2,5.4,x
1652785677824,-0.1,-0.3,-1,0,-1.6,-0.6,8.3,0.1,5.3,x
1652785677840.6,0,-0.1,-2.8,0.1,-1.5,0.2,8.3,-0.1,5.2,x
1652785677857.2,0,-0.1,-2.8,0,-1.5,0.2,8.3,-0.1,5.2,x
1652785677873.9,0,-0.7,-2.1,0,-1.5,0.4,8.3,-0.1,5.2,x
1652785677890.6,0,-1.2,0.4,0,-1.4,0,8.2,-0.1,5.2,x
1652785677907.3,-0.1,-1.8,0.2,-0.1,-1.5,-0.7,8.2,0.3,5.5,x
1652785677923.8,-0.2,-1.8,0.2,0.1,-1.6,-0.7,8.3,0.3,5.4,x
1652785677940.5,-0.1,0.6,-5.5,0.1,-1.5,1.1,8.3,0.1,5.2,x
1652785677957.2,-0.1,-0.4,-7.3,0.1,-1.5,1.8,8.3,-0.1,5.2,x
1652785677973.8,-0.1,-0.4,-7.3,0,-1.5,1.8,8.3,-0.1,5.2,x
1652785677990.4,0.1,-1.1,-6.5,0,-1.3,2.1,8.2,-0.1,5.2,x
1652785678007.2,0.1,-2,-3.4,-0.1,-1.4,0.2,8.2,-0.1,5.3,x
1652785678023.9,-0.1,-1.9,-1,0.1,-1.5,0,8.3,0.1,5.4,x
1652785678040.6,-0.1,-1.9,-1,0.1,-1.4,0,8.3,0.2,5.5,x
1652785678057.2,0,0,-1,0,-1.4,0.4,8.2,0.2,5.3,x
1652785678073.9,0,-0.6,-0.6,0,-1.4,0.5,8.3,-0.2,5.1,x
1652785678090.5,0,-0.6,-0.6,0,-1.4,0.5,8.3,-0.1,5.1,x
1652785678107.2,-0.1,-1.4,-1.6,0,-1.4,0.6,8.3,0,5.4,x
1652785678123.9,0,0,-5.6,0,-1.3,1,8.2,0.1,5.4,x
1652785678140.5,0.1,-0.7,-4.2,0,-1.3,0.5,8.2,-0.1,5.2,x
1652785678157.5,0,-0.7,-4.2,0,-1.3,0.5,8.3,-0.2,5.3,x
1652785678173.9,0,-0.7,-0.5,0.1,-1.4,0,8.3,0.2,5.6,x
1652785678190.6,0,1.9,-2.8,-0.1,-1.4,0.3,8.2,0.2,5.4,x
1652785678207.2,-0.1,1.9,-2.8,-0.1,-1.4,0.3,8.2,-0.1,5.4,x
1652785678223.8,0,0.4,-2.1,0,-1.3,-0.1,8.2,-0.4,5.1,x
1652785678240.6,0.1,-4,3.2,-0.1,-1.3,-1.3,8.2,0,5.3,x
1652785678257.4,-0.1,-3,1.9,0.1,-1.5,-1.3,8.3,0.1,5.5,x
1652785678273.9,-0.1,-3,1.9,0.1,-1.5,-1.3,8.3,0.2,5.3,x
1652785678290.5,-0.1,-4.2,-5.3,-0.1,-1.5,-0.3,8.1,-0.3,4.9,x
1652785678307.2,0,-8,-5.1,-0.1,-1.4,0.3,8.2,-0.4,5.1,x
1652785678323.9,0,-8,-5.1,0,-1.4,0.3,8.2,-0.1,5.1,x
1652785678340.5,-0.1,-8.6,-5.1,0.1,-1.3,0.5,8.3,0.5,5.9,x
1652785678357.2,0.2,-0.6,-2.4,0,-1.1,-0.2,8.2,0.4,5.8,x
1652785678373.8,0.2,-0.6,-2.4,0,-1.1,-0.2,8.2,0.3,5.8,x
1652785678390.6,0.1,1.9,1.3,-0.1,-1.5,-1.1,8.2,0.1,5.5,x
1652785678407.2,-0.2,0.8,-3.6,0,-1.5,-0.3,8.2,-0.2,5.2,x
1652785678423.9,-0.1,-0.6,-7,-0.1,-1.4,0.5,8.1,-0.3,5.1,x
1652785678440.6,-0.1,-0.6,-7,-0.1,-1.4,0.5,8.1,-0.3,5.1,x
1652785678457.3,-0.1,-3.1,-8,0.1,-1.4,1,8.3,0,5.5,x
1652785678474,0,-3.1,-7.1,0,-1.3,0.8,8.2,0.1,5.5,x
1652785678490.5,0.1,-3.1,-7.1,0,-1.2,0.8,8.2,-0.1,5.4,x
1652785678507.3,0.1,-2.3,-6.5,0,-1.2,0.4,8.1,-0.2,5.3,x
1652785678524,0,-4.9,-6.5,-0.1,-1.3,-0.2,8.1,0,5.4,x
1652785678540.5,-0.1,-5,-8.2,0,-1.4,0.5,8.2,0.3,5.8,x
1652785678557.1,-0.1,-5,-8.2,0.1,-1.4,0.5,8.2,0.3,5.8,x
1652785678573.9,0.1,-2.7,-7.5,-0.1,-1.1,1.1,8.2,0.3,5.6,x
1652785678590.6,0,-0.4,-2,0.1,-1.2,-0.5,8.2,-0.2,5.4,x
1652785678607.2,-0.1,-0.3,-1.6,-0.1,-1.3,-0.4,8.1,0,5.5,x
1652785678623.8,-0.1,-0.3,-1.6,0,-1.3,-0.4,8.2,-0.1,5.3,x
1652785678640.6,0,-2.5,-0.6,0,-1.2,0.1,8.1,-0.3,5.2,x
1652785678657.3,-0.1,-5.2,-3.3,-0.1,-1.3,-0.4,8.1,0,5.5,x
1652785678673.9,-0.1,-5.2,-3.3,0,-1.3,-0.4,8.1,0,5.5,x
1652785678690.6,-0.1,-4.1,-6.4,-0.1,-1.3,0.4,8.1,0.1,5.5,x
1652785678707.2,-0.1,-4.3,-4.6,0,-1.2,0.5,8.1,-0.1,5.4,x
1652785678723.9,0,-5,-3.2,0,-1.2,0,8.1,-0.1,5.4,x
1652785678740.5,0.1,-5,-3.2,0,-1.1,0,8.1,-0.2,5.4,x
1652785678757.5,0.2,-6.1,1.5,0.2,-1.1,-0.7,8.3,-0.3,5.4,x
1652785678773.9,0,-8.2,-6.1,0.1,-1.2,0.4,8.1,0.5,6.1,x
1652785678790.6,-0.1,-8.2,-6.1,-0.1,-1.2,0.4,8.1,0.5,6.1,x
1652785678807.2,-0.2,-5.7,-10.8,0,-1.3,0.3,8.1,0.2,5.7,x
1652785678823.8,-0.1,-2.7,-9.1,0,-1.2,1.6,8,0,5.6,x
1652785678840.5,0,-3.5,-4.3,-0.1,-1.1,1,8,-0.1,5.5,x
1652785678857.1,0,-3.5,-4.3,0,-1.1,1,8.1,0,5.7,x
1652785678873.8,0.1,-2.7,-0.1,0.1,-1.1,0.4,8.1,0.1,5.7,x
1652785678890.6,0.2,-0.3,1.3,0,-1,0.4,8.1,0,5.7,x
1652785678907.7,0,0.7,0.9,0,-1.1,-0.4,8,0.2,5.7,x
1652785678923.9,0,1.1,-3.5,-0.1,-1.2,-0.1,8,0.3,5.8,x
1652785678940.9,-0.1,1.8,-8.3,0.1,-1.2,0.6,8,-0.2,5.8,x
1652785678957.2,0,-0.6,-4.7,0,-1.1,0.9,8.1,-0.2,5.5,x
1652785678973.9,-0.1,-0.6,-4.7,0,-1.2,0.9,8.1,-0.1,5.7,x
1652785678990.5,-0.2,-0.2,-10.2,0.1,-1.2,2.1,8.2,0,5.5,x
1652785679007.3,-0.1,-0.2,-10.2,0.1,-1.2,2.1,8.2,-0.2,5.5,x
1652785679024.3,0.1,-3.4,-6.8,0,-1.1,3.3,8,-0.9,4.8,x
1652785679044.8,0.3,-18.3,-1.6,-0.2,-0.7,3.7,7.8,-0.1,5.5,x
1652785679057.3,0.2,-18.1,0.2,-0.1,-0.9,1.2,8,0.5,6.5,x
1652785679074,0,-12.1,-4.9,0.1,-1,1.3,8.1,1.1,6.9,x
1652785679090.6,0.1,-12.1,-4.9,0.1,-0.9,1.3,7.9,0.9,6.4,x
1652785679107.2,0.1,0.6,-2.2,-0.1,-0.9,-0.6,7.9,0.1,5.8,x
1652785679123.9,-0.1,-0.1,0.5,0.1,-1,0.6,8,-0.3,5.5,x
1652785679140.6,0,-0.1,0.5,-0.1,-1,0.6,8,-0.3,5.5,x
1652785679157.9,0,-1.9,1.4,-0.1,-1,0.6,7.9,-0.3,5.6,x
1652785679174.7,0,-5.2,4.2,0,-1,-0.5,7.9,-0.1,5.9,x
1652785679190.5,0,-4.3,0.9,0,-1,0.1,7.9,0.2,5.9,x
1652785679207.2,-0.1,-4.3,0.9,0.1,-0.9,0.1,8,0.5,6.3,x
1652785679223.8,0.1,2.7,-4.3,-0.1,-0.9,0.3,7.8,0.3,6,x
1652785679240.4,0,2.3,-1.8,0,-1,-0.6,7.9,-0.2,5.7,x
1652785679257.3,-0.1,2.3,-1.8,0,-1,-0.6,7.9,-0.2,5.7,x
1652785679273.9,0,0.5,-0.5,-0.1,-1,0,7.9,-0.1,5.8,x
1652785679290.6,0,-0.6,-3.4,-0.1,-1,0,7.8,-0.1,5.7,x
1652785679307.7,0,-3.2,-3.9,-0.1,-1,-1,7.8,-0.2,5.7,x
1652785679323.8,-0.1,-3.2,-3.9,0.1,-1.1,-1,8.1,-0.3,5.5,x
1652785679340.6,-0.5,-10.5,-2.6,1.1,-1.7,-2.1,8.8,-0.5,5.3,x
1652785679357.1,-0.9,-10.9,-7.1,0.8,-1.7,0.5,8.8,-0.6,5.3,x
1652785679373.7,-0.3,-10.9,-7.1,-0.9,-1.4,0.5,7.2,-0.4,5.5,x
1652785679390.7,0.1,-11.5,-12.8,-0.1,-0.8,1.1,7.9,-0.8,5.3,x
1652785679407.3,-0.1,-15.3,-23.4,0.5,-1.2,0.6,8.5,0.1,6.2,x
1652785679423.9,-0.5,-15.3,-23.4,0.8,-1.6,0.6,8.8,0.5,7.1,x
1652785679440.7,-0.8,-8.7,-22.6,0.6,-1.6,2,8.2,1.5,8.1,x
1652785679457.3,-0.6,29.3,-13.2,0.9,-1.3,14.5,9.2,1.3,7.1,x
1652785679474.3,-0.5,29.3,-13.2,1.4,-1.3,14.5,9.2,1.1,7.1,x
1652785679491.1,0.5,36.3,-18.8,-0.6,-0.1,23.7,7.4,0.2,6,x
1652785679507.2,0.2,33.6,-27.1,-0.9,-0.3,25.2,7.2,0.1,5,x
1652785679524.5,0.3,18.5,-31.4,-0.9,0.1,20.3,7.2,-0.7,4.8,x
1652785679540.8,0.6,0.3,-27.5,-0.8,0.4,17.3,7.4,-1.2,4.4,x
1652785679557.2,0.7,0.3,-27.5,-0.6,0.5,17.3,7.9,-1.6,3.8,x
1652785679573.9,1,-30.2,25.2,0,0.8,13.1,7.8,-1.4,5.1,x
1652785679590.5,1,-27.8,29.4,-0.7,0.6,6.5,7.3,0.8,6.8,x
1652785679607.8,0.7,-27.8,29.4,-0.6,0.6,6.5,7.3,1.2,6.8,x
1652785679623.8,0.2,-21.5,20.5,0,-0.4,1.7,8.2,0.6,6.1,x
1652785679641.7,-0.2,-1.2,21.9,0.7,-0.6,3.9,8.3,0.4,6.8,x
1652785679657.2,-0.3,9.3,7.5,-0.4,-0.6,4.8,7.5,1.4,7.3,x
1652785679673.9,-0.2,9.3,7.5,-0.5,-0.5,4.8,7.5,1.2,7.2,x
1652785679690.4,-0.2,13.9,-23.1,-0.1,-0.3,6.7,7.9,0.7,6.1,x
1652785679707.1,0.2,9.6,-19,-0.1,0.1,6.1,7.8,-0.6,5,x
1652785679723.7,0.5,-2.5,-4.8,-0.2,0.1,3.5,7.8,-1.2,5,x
1652785679740.4,0.6,-2.5,-4.8,-0.3,0.2,3.5,7.6,-1.2,5.1,x
1652785679757.1,0.2,-17.8,13.6,-0.1,-0.2,-3.5,7.9,-0.3,5.8,x
1652785679773.7,-0.1,-12.9,11.7,0.2,-0.4,-3,8.1,0.7,6.7,x
1652785679790.3,-0.3,-12.9,11.7,0.3,-0.7,-3,8.3,0.9,6.8,x
1652785679807,-0.3,-2.3,1.6,0.2,-0.4,2.2,7.9,0.7,6.5,x
1652785679823.7,-0.1,-2.3,1.6,0,-0.4,2.2,7.9,0.4,6.5,x
1652785679843.3,0.2,-1.2,-3.7,-0.3,-0.1,0.3,7.5,0,6,x
1652785679857,0.1,-1.2,-3.7,-0.3,-0.2,0.3,7.6,0.1,6.2,x
1652785679873.8,0.1,-2.6,-8,-0.2,-0.2,-1.9,7.6,0.2,6.2,x
1652785679890.6,0.1,-1.6,-5.5,0.1,-0.1,-0.3,7.9,-0.2,5.8,x
1652785679907.4,0.3,-1.6,-5.5,0,0.2,-0.3,7.7,-0.3,5.6,x
1652785679924,0.4,-8.1,10.7,-0.2,0.1,-3.9,7.6,-0.4,5.6,x
1652785679940.3,0.3,-8.1,10.7,-0.2,0.1,-3.9,7.6,-0.5,5.6,x
1652785679957.2,-0.1,-15.1,10,0.1,-0.6,-5.1,8,0,6.6,x
1652785679973.7,-0.3,-15.1,10,0.2,-0.7,-5.1,7.9,0.9,7,x
1652785679990.3,-0.3,1.1,-7.5,0.2,-0.5,2,7.9,0.7,6.6,x
1652785680007,0,3,-8.9,0,-0.2,3.4,7.7,0,6,x
1652785680023.6,0.2,3,-8.9,-0.2,0,3.4,7.5,-0.2,5.9,x
1652785680040.3,0.3,2.5,-0.5,-0.3,0,1,7.5,-0.2,5.8,x
1652785680057,0.1,-0.4,0.2,-0.1,-0.2,-0.2,7.7,-0.1,6,x
1652785680073.6,0,-0.4,0.2,-0.1,-0.2,-0.2,7.7,0,6,x
1652785680090.3,0.1,-2.4,0.4,-0.2,-0.2,-0.3,7.6,0,6,x
1652785680107,0.1,-4.4,5.7,-0.1,-0.2,-2.5,7.7,-0.1,6,x
1652785680123.7,0,-5.8,4.7,0,-0.3,-3.3,7.8,0,6.1,x
1652785680140.4,0,-5.8,4.7,0.1,-0.3,-3.3,7.8,0.1,6.1,x
1652785680157,-0.2,-5,0.3,0.2,-0.5,-2.1,7.9,0.3,6.5,x
1652785680173.8,-0.1,-0.9,-1.6,0.1,-0.4,-0.3,7.8,0.3,6.5,x
1652785680190.3,0.1,3,-0.4,0,-0.3,0.3,7.7,0.2,6.4,x
1652785680207.1,0.1,3,-0.4,0,-0.2,0.3,7.6,0.1,6.1,x
1652785680223.7,0.1,-0.6,0,-0.1,-0.3,-1.8,7.6,-0.3,5.7,x
1652785680240.4,0,-6.5,1.5,0,-0.3,-1.6,7.7,-0.5,5.7,x
1652785680257,0,-6.5,1.5,0,-0.3,-1.6,7.7,-0.3,5.7,x
1652785680273.8,-0.1,-11.4,0.3,-0.1,-0.5,-2,7.6,0.1,6.3,x
1652785680290.4,-0.1,-9.7,-1.7,0.1,-0.4,-1.1,7.8,0.2,6.4,x
1652785680307.5,0.1,-7.4,-3.2,0.1,-0.3,-0.8,7.7,0.2,6.4,x
1652785680323.7,0.1,-7.4,-3.2,0,-0.3,-0.8,7.6,0.1,6.2,x
1652785680340.6,0,-7.8,-0.7,0.1,-0.3,-0.7,7.7,-0.1,6.2,x
1652785680357.1,0,-7.3,-0.3,0,-0.3,-0.1,7.6,0,6.4,x
1652785680373.8,0,-7.3,-0.3,-0.1,-0.3,-0.1,7.6,0.1,6.4,x
1652785680390.4,0,-5.6,-2,0,-0.3,-0.2,7.6,0.1,6.4,x
1652785680407,0,-4.5,-2.1,0,-0.3,-0.3,7.6,0.1,6.5,x
1652785680424.2,0,-2.3,-2.2,0,-0.3,0.2,7.5,0.1,6.5,x
1652785680440.4,0,-2.3,-2.2,-0.1,-0.3,0.2,7.5,0.1,6.4,x
1652785680457.1,0,-1.1,-1.9,-0.1,-0.3,0.4,7.5,-0.1,6.1,x
1652785680474.1,0.1,-3.8,1.3,0,-0.2,0.6,7.5,-0.4,6,x
1652785680490.4,0.1,-3.8,1.3,0,-0.2,0.6,7.5,-0.3,6,x
1652785680507.1,0.1,-4.8,4.5,-0.1,-0.3,-0.4,7.5,0.1,6.7,x
1652785680523.8,-0.1,-2.9,0,-0.1,-0.4,-0.9,7.4,0.4,6.8,x
1652785680540.9,-0.1,-2.9,0,0,-0.4,-0.9,7.5,0.3,6.7,x
1652785680557.1,-0.1,-0.9,-4.4,0,-0.4,-1,7.6,0.1,6.5,x
1652785680573.8,0,4.1,-4.3,0,-0.2,0.2,7.5,0.1,6.4,x
1652785680590.5,0.1,4.1,-3.9,-0.1,-0.2,-0.4,7.5,-0.1,6.3,x
1652785680607.1,0.1,4.1,-3.9,-0.1,-0.2,-0.4,7.5,-0.1,6.3,x
1652785680623.7,-0.1,1.5,-3.4,0,-0.4,-1.9,7.5,-0.1,6.3,x
1652785680640.4,0,-1.2,0.4,0,-0.2,-0.7,7.6,-0.1,6.3,x
1652785680657.1,0.1,-1.2,0.4,0,-0.2,-0.7,7.6,0,6.3,x
1652785680673.8,0.1,-1.7,2.3,0,-0.3,-1.4,7.6,0,6.3,x
1652785680690.4,0,-3.9,5.2,0.1,-0.3,-2.1,7.6,-0.1,6.3,x
1652785680707.1,0,-3.5,4.3,0,-0.4,-1.5,7.5,0,6.4,x
1652785680723.9,0,-3.5,4.3,0,-0.4,-1.5,7.5,0,6.4,x
1652785680740.4,-0.1,-3.3,2,0,-0.5,-0.4,7.6,0,6.4,x
1652785680757.1,-0.2,-4.4,-3.1,0.2,-0.6,0.4,7.6,0.1,6.6,x
1652785680773.7,-0.2,-2.6,-3.4,0.1,-0.4,1.1,7.5,0.2,6.7,x
1652785680790.4,0.1,-2.6,-3.4,0,-0.2,1.1,7.5,0.2,6.5,x
1652785680807.1,0.1,-0.1,-1.7,0,-0.3,0.4,7.4,0,6.5,x
1652785680823.8,0.1,-0.5,-1.5,-0.1,-0.2,0.1,7.4,0,6.5,x
1652785680840.4,0.1,-0.5,-1.5,-0.1,-0.2,0.1,7.4,0,6.5,x
1652785680857,0,-0.6,-2.4,0.1,-0.3,-0.2,7.6,0,6.5,x
1652785680873.7,0,0,-3.1,0,-0.3,0.6,7.5,0,6.5,x
1652785680890.5,-0.1,0.3,-3.2,0,-0.4,0.2,7.5,0.1,6.6,x
1652785680907.1,-0.1,0.3,-3.2,0,-0.4,0.2,7.5,0.2,6.6,x
1652785680923.8,0,1.8,-5.9,0.1,-0.3,1.6,7.6,0,6.4,x
1652785680940.4,0,0.9,-4.5,0,-0.2,2.2,7.5,-0.2,6.3,x
1652785680957.1,0.1,0.9,-4.5,-0.1,-0.2,2.2,7.5,-0.2,6.3,x
1652785680973.8,0.1,-0.6,-2,-0.1,-0.2,1.8,7.4,-0.1,6.4,x
1652785680990.4,0,-0.2,-2.7,-0.1,-0.3,0.2,7.4,0,6.5,x
1652785681007.6,0,-0.4,-3.5,-0.1,-0.3,-0.4,7.4,0.1,6.5,x
1652785681023.7,-0.1,-0.4,-3.5,0,-0.3,-0.4,7.6,0,6.4,x
1652785681040.4,0,-0.7,-1.1,0.1,-0.2,0.1,7.5,0,6.5,x
1652785681057.1,0,0.2,-2.3,0,-0.2,0.3,7.4,0,6.4,x
1652785681073.8,0,0.2,-2.3,0,-0.2,0.3,7.4,-0.1,6.4,x
1652785681090.4,0,-0.5,-2,0,-0.2,0.6,7.4,-0.2,6.3,x
1652785681107,0,-3.8,1.7,0,-0.2,0.5,7.4,0,6.5,x
1652785681123.7,0,-2.9,1,0,-0.2,0.1,7.5,0.2,6.7,x
1652785681140.4,0,-2.9,1,0.1,-0.3,0.1,7.5,0.3,6.8,x
1652785681157.6,0,2.8,-0.6,0,-0.2,0.3,7.5,0.3,6.7,x
1652785681173.8,0,4.9,-2.1,0,-0.2,0.1,7.5,0.1,6.5,x
1652785681190.4,0,4.9,-2.1,0,-0.2,0.1,7.5,0,6.5,x
1652785681207.1,0,5.8,-2.4,-0.1,-0.3,-0.2,7.4,0,6.4,x
1652785681223.7,0,2.8,-2.9,-0.1,-0.2,-0.7,7.5,-0.2,6.3,x
1652785681240.4,0.1,2.8,-2.9,0.1,-0.2,-0.7,7.5,-0.2,6.3,x
1652785681257.1,0.1,0.5,-0.5,0.1,-0.1,-0.2,7.5,-0.1,6.4,x
1652785681274.3,0.1,-0.1,1.8,0,-0.1,0.3,7.5,0,6.5,x
1652785681290.3,0,1.8,0.7,0,-0.2,0.1,7.5,0.2,6.6,x
1652785681307.1,0,1.8,0.7,0,-0.2,0.1,7.5,0.2,6.6,x
1652785681324.1,0,2.8,-1.5,0,-0.2,-0.3,7.5,-0.1,6.3,x
1652785681340.4,-0.1,1.6,-1.6,0,-0.3,-0.9,7.5,-0.1,6.3,x
1652785681357.1,0,0.4,-0.9,0,-0.2,-0.3,7.5,-0.1,6.3,x
1652785681373.7,0,0.4,-0.9,0,-0.2,-0.3,7.5,0,6.4,x
1652785681390.3,0,-0.3,-0.5,0,-0.2,-0.1,7.5,0,6.4,x
1652785681407.1,0,-0.3,1.1,0,-0.2,0.2,7.5,0,6.4,x
1652785681423.7,0,-0.3,1.1,0,-0.2,0.2,7.5,0.1,6.4,x
1652785681440.4,0,0.1,0.4,0,-0.2,0.4,7.5,0.1,6.4,x
1652785681457.1,0,0.2,-3.1,0,-0.2,0.5,7.5,-0.1,6.3,x
1652785681474.4,0,-1.7,-3.7,0.1,-0.2,0,7.6,-0.1,6.3,x
1652785681490.3,0,-1.7,-3.7,0.1,-0.1,0,7.5,0,6.4,x
1652785681507,0,-1.8,-3.1,-0.1,-0.2,0.4,7.4,0,6.4,x
1652785681523.7,0,-1.4,-1.4,0,-0.2,0.3,7.5,0.1,6.5,x
1652785681540.4,0,-1.4,-1.4,0,-0.2,0.3,7.5,0.1,6.5,x
1652785681557.6,0,-1.3,-0.2,0.1,-0.2,-0.4,7.6,0.2,6.6,x
1652785681573.8,0,1.3,-1,0,-0.1,0.2,7.5,0.1,6.5,x
1652785681590.4,0,1.8,0.2,-0.1,-0.1,-0.1,7.4,0,6.4,x
1652785681607,0,1.8,0.2,0,-0.2,-0.1,7.5,-0.1,6.4,x
1652785681623.7,-0.1,0.3,-1.3,0,-0.3,0,7.5,-0.1,6.3,x
1652785681640.3,-0.1,-1.3,-1.9,0,-0.2,0.5,7.5,-0.1,6.2,x
1652785681657.1,0,-1.3,-1.9,0,-0.2,0.5,7.5,-0.2,6.2,x
1652785681673.7,0,-2.4,-0.1,0.1,-0.1,0.9,7.6,0,6.5,x
1652785681690.4,0.1,-1.9,0.3,0,-0.1,0.6,7.5,0.1,6.5,x
1652785681707,0.1,-2.2,1.2,0,-0.1,0.3,7.4,0,6.5,x
1652785681723.7,0.1,-2.2,1.2,-0.1,-0.1,0.3,7.4,0,6.4,x
1652785681740.4,0,-4.4,3.3,-0.1,-0.2,-0.4,7.4,-0.1,6.3,x
1652785681757,-0.1,-5.6,4.3,0,-0.2,-0.5,7.5,-0.1,6.4,x
1652785681773.7,0,-5.6,4.3,0.1,-0.2,-0.5,7.5,-0.1,6.4,x
1652785681790.4,0,-6.1,6.9,0,-0.2,-0.4,7.4,0.2,6.8,x
1652785681807.5,0,-0.3,12.2,0,-0.2,-1.1,7.5,0.4,7,x
1652785681823.7,0,4.5,9.7,0,-0.2,-1.8,7.5,0.4,6.9,x
1652785681840.4,0,4.5,9.7,0,-0.4,-1.8,7.4,0.2,6.6,x
1652785681857.1,0,8.9,6.2,0,-0.3,-1.6,7.5,0,6.4,x
1652785681873.7,-0.1,7.8,3.7,0,-0.4,-1.4,7.5,-0.1,6.3,x
1652785681890.3,-0.1,7.8,3.7,0,-0.4,-1.4,7.5,-0.1,6.3,x
1652785681907.7,0,6.9,2,0,-0.3,-0.6,7.5,-0.2,6.3,x
1652785681923.7,0,5.4,0.9,0,-0.3,-0.5,7.5,0,6.4,x
1652785681941.1,0,5.5,-2.3,0,-0.3,-0.6,7.5,0,6.4,x
1652785681957.7,0,5.5,-2.3,0,-0.3,-0.6,7.5,-0.1,6.3,x
1652785681973.7,-0.1,5,-8.3,0,-0.3,0,7.5,-0.1,6.2,x
1652785681991.1,-0.1,3.7,-9.6,0,-0.3,0,7.5,-0.1,6.3,x
1652785682007.1,0,3.7,-9.6,-0.1,-0.3,0,7.5,-0.1,6.3,x
1652785682023.7,0,2.5,-11.5,0,-0.3,-0.5,7.6,0,6.3,x
1652785682041.4,0,1.9,-14.9,0,-0.3,-0.4,7.6,-0.1,6.2,x
1652785682057.1,-0.1,1.9,-14.9,0,-0.3,-0.4,7.6,-0.2,6.2,x
1652785682073.8,-0.1,0.6,-16.1,0.1,-0.3,0.1,7.6,-0.2,6.1,x
1652785682090.4,0,-3.8,-11.2,0,-0.1,1.7,7.6,-0.2,6.3,x
1652785682107.1,0.1,-3.7,-5,0.1,0,1.3,7.6,0.2,6.6,x
1652785682123.7,0.2,-3.7,-5,0.1,0,1.3,7.6,0.3,6.6,x
1652785682140.4,0.2,-1.3,-1.2,0,0,0.3,7.5,0.4,6.7,x
1652785682157,0,3.9,-1.6,-0.1,-0.1,-1,7.5,0.2,6.5,x
1652785682173.7,-0.1,3.9,-1.6,-0.1,-0.1,-1,7.5,0,6.5,x
1652785682190.7,-0.1,3.3,-3.1,0,-0.2,-0.8,7.6,-0.1,6.2,x
1652785682207.1,0,0.5,-3.8,0,-0.1,0,7.6,-0.2,6.2,x
1652785682224.1,-0.1,0.1,-2.1,0,-0.2,0.5,7.6,0,6.3,x
1652785682240.6,-0.1,0.1,-2.1,0,-0.2,0.5,7.6,0,6.3,x
1652785682257.1,0.1,0.3,-1.3,0,0,1.1,7.6,0,6.3,x
1652785682273.9,0,0.4,-1.5,-0.1,-0.1,0.1,7.5,0,6.3,x
1652785682290.5,-0.1,0.4,-1.5,-0.1,-0.1,0.1,7.5,0,6.3,x
1652785682307.1,-0.1,-0.2,-2.7,0,-0.2,0.3,7.6,-0.1,6.2,x
1652785682323.8,-0.1,-1.6,-3.7,0.1,-0.1,2,7.6,-0.1,6.3,x
1652785682340.4,0,-1.3,-4,-0.1,-0.1,2.4,7.5,0.1,6.4,x
1652785682357,0,-1.3,-4,-0.1,-0.1,2.4,7.5,0.1,6.4,x
1652785682373.7,-0.1,-0.2,-3.8,0,-0.1,2.6,7.6,0.1,6.4,x
1652785682390.4,0,1.7,-4,0,-0.1,4.2,7.6,0.1,6.4,x
1652785682407,-0.1,1.7,-4,0,-0.1,4.2,7.6,0,6.4,x
1652785682424.7,0,1.2,-1.9,-0.1,0,4.4,7.5,-0.1,6.3,x
1652785682440.3,0,1.3,3.8,0,0,4.7,7.6,0.1,6.5,x
1652785682457,0,4.2,5.2,0,0,4.8,7.6,0.3,6.6,x
1652785682473.7,0,4.2,5.2,0,0,4.8,7.6,0.3,6.6,x
1652785682490.3,-0.7,7.3,0.9,-0.2,-0.3,5.7,7.6,0.3,6.4,x
1652785682507.1,0.1,8.4,-11.2,0.1,0.3,9.3,7.8,-0.2,6,x
1652785682524.3,0.2,6,-5.5,0.1,0.3,7.7,7.7,-0.4,5.9,x
1652785682540.4,0.2,6,-5.5,0,0.4,7.7,7.6,-0.3,6.2,x
1652785682557.1,0.3,3.3,0.6,0,0.5,4,7.7,0,6.2,x
1652785682576.1,0.3,3.6,-1.8,0.1,0.4,2.4,7.8,-0.1,6,x
1652785682590.3,0.2,3.6,-1.8,0.1,0.4,2.4,7.8,-0.3,6,x
1652785682607,0.1,2.2,-0.9,0,0.2,0.7,7.6,-0.2,6.1,x
1652785682623.7,-0.1,-0.2,2.3,0,0.1,-0.8,7.7,0.1,6.4,x
1652785682641.5,-0.2,0.8,-1.7,0,0,0.3,7.7,0.2,6.4,x
1652785682657,-0.2,0.8,-1.7,0,0,0.3,7.7,0.2,6.4,x
1652785682673.7,-0.1,1.2,-3.3,0,0.2,1.8,7.7,-0.2,6,x
1652785682690.4,0.1,0.1,-0.3,0,0.3,1.2,7.7,-0.1,6.1,x
1652785682707,0.1,0.1,-0.3,0,0.3,1.2,7.7,0,6.1,x
1652785682723.7,-0.1,0,-1.1,0,0,0.5,7.7,0.1,6.3,x
1652785682740.4,-0.2,0.2,-5.4,0,0,2.4,7.7,0.1,6.2,x
1652785682757,-0.2,0.2,-5.4,0,0,2.4,7.7,-0.1,6.2,x
1652785682774.1,0,0,-6.3,0.1,0.1,3.4,7.7,-0.1,6.1,x
1652785682790.4,0,-0.1,-5.1,0,0.3,3.2,7.6,0.1,6.4,x
1652785682807.1,-0.1,-0.1,-5.1,-0.1,0.3,3.2,7.6,0.3,6.4,x
1652785682823.7,-0.2,2,-3,-0.1,0.1,2.9,7.6,0.4,6.5,x
1652785682840.3,-0.1,4.4,-3.8,-0.1,0.2,4,7.7,0.3,6.4,x
1652785682857.1,-0.1,7.9,-4.2,0.1,0.2,5.3,7.7,0.1,6.3,x
1652785682873.8,-0.1,7.9,-4.2,0,0.2,5.3,7.7,0.1,6.3,x
1652785682890.4,-0.1,8.6,-3.4,-0.1,0.2,5.9,7.7,0.1,6.3,x
1652785682907.1,-0.2,10.9,-5.4,0,0.2,8.5,7.7,0.2,6.4,x
1652785682923.6,-0.1,12.1,-6.1,0,0.2,9.7,7.7,0.1,6.2,x
1652785682941.4,-0.1,12.1,-6.1,-0.1,0.2,9.7,7.7,0.1,6.2,x
1652785682957,-0.4,14,-6.4,0,0.1,10.5,8,0.1,6,x
1652785682973.7,0.5,7.4,6,0.4,1,10.9,7.8,-1.1,5.3,x
1652785682990.7,0.3,4.5,6,-0.3,0.6,6.2,7.7,-0.3,5.7,x
1652785683007,-0.1,4.5,6,0.1,0.6,6.2,7.7,-0.3,5.7,x
1652785683023.7,0.1,-1.5,-3.3,0.1,0.7,6.6,7.9,-0.3,5.5,x
1652785683040.3,0.3,-5,-5,0,0.9,5.3,7.9,-0.4,5.6,x
1652785683057.1,0.5,-5,-5,0.1,0.9,5.3,7.9,-0.3,5.6,x
1652785683073.7,0.5,-6,-5.6,0,0.9,3.7,7.8,-0.2,5.7,x
1652785683090.4,0.1,-8.2,-5.4,0.1,0.5,1.3,7.9,-0.3,5.7,x
1652785683107.1,-0.4,-10.4,-6.1,0.2,0.3,3.2,8,-0.2,5.9,x
1652785683123.7,-0.4,-10.4,-6.1,0.2,0.3,3.2,8,0.1,5.9,x
1652785683140.4,-0.1,-4,-3.7,0,0.7,7.9,7.7,0.7,6.7,x
1652785683157.1,0.3,1.3,-2.4,-0.2,1.1,6.3,7.6,0.7,6.7,x
1652785683173.7,0.4,1.3,-2.4,-0.2,1.1,6.3,7.6,0.5,6.7,x
1652785683190.4,0.2,5.9,0,-0.2,0.7,3.5,7.7,0.3,6.2,x
1652785683207.1,-0.1,9.6,2.5,0,0.5,2.6,7.9,0,6.1,x
1652785683223.7,-0.2,9.6,2.5,0.1,0.5,2.6,7.9,0,6.1,x
1652785683241.7,-0.2,11.5,5.1,0,0.4,4.8,7.9,0.5,6.3,x
1652785683257,0.4,14.7,6.2,-0.2,1.2,5.8,7.7,-0.2,5.2,x
1652785683273.5,0.3,4.9,1,-0.1,0.9,0.2,7.8,-1.1,4.8,x
1652785683290.4,-0.1,-3.1,-1.5,0,0.6,-0.5,7.9,-0.7,5.3,x
1652785683306.9,-0.2,-3.1,-1.5,0.1,0.6,-0.5,7.9,-0.3,6,x
1652785683323.6,0,-3.6,-0.9,0,0.7,0.5,7.8,0.4,6.4,x
1652785683340.2,0.1,1.4,1.6,-0.1,0.8,-0.1,7.8,0.5,6.5,x
1652785683364.7,0,1.4,1.6,0,0.8,-0.1,7.8,0.5,6.5,x
1652785683378,-0.1,8.7,4,0,0.6,0.1,7.9,0.2,6.1,x
1652785683390.5,0,8.8,4.6,0,0.7,0.4,7.9,-0.1,5.7,x
1652785683409.9,0.1,5.1,3.7,0,0.8,0.1,7.9,-0.6,5.3,x
1652785683427.1,0,-0.6,1.6,0,0.7,-0.5,7.9,-0.6,5.3,x
1652785683442.5,0.1,-4.8,-0.4,0,0.8,-1.1,7.9,-0.4,5.6,x
1652785683458.2,0,-6,-0.1,0,0.7,-1.6,7.9,-0.1,5.8,x
1652785683474.1,-0.1,-6,-0.1,0,0.7,-1.6,7.9,0,5.8,x
1652785683491.5,-0.2,-5.8,0.9,0.1,0.4,-1.4,7.9,0,6,x
1652785683508.7,-0.2,-5.4,1,0.1,0.5,1.6,7.9,0.1,6,x
1652785683525.7,-0.1,-5.4,1,0.1,0.5,1.6,7.9,0,6,x
1652785683540.2,0.3,-6.2,1.6,-0.1,0.9,3.6,7.7,0,6,x
1652785683556.8,0.1,-6.3,2.3,0,0.7,0.6,7.8,0,6,x
1652785683574.2,0,-6,2.1,0,0.7,0.9,7.8,0.1,6,x
1652785683590.2,0,-6,2.1,0,0.7,0.9,7.8,0,6,x
1652785683606.8,0,-5.1,3,0,0.6,0.6,7.9,0,6,x
1652785683623.5,-0.2,-4.8,2.1,0,0.5,0.9,7.8,0,6,x
1652785683640.3,-0.1,-6,-0.8,0.1,0.7,1.5,7.8,0,6,x
1652785683656.9,0.2,-6,-0.8,0,1,1.5,7.7,-0.1,6,x
1652785683673.6,0.3,-6.9,-2.5,-0.1,0.9,-1.7,7.7,-0.1,6,x
1652785683690.2,0,-7.4,-2.9,0,0.7,-3,7.7,0,6.1,x
1652785683706.8,-0.1,-7.4,-2.9,0,0.7,-3,7.7,0,6.1,x
1652785683723.5,-0.2,-7.2,-2.6,-0.1,0.5,-2.6,7.7,0.2,6.4,x